-- MySQL dump 10.13  Distrib 8.0.27, for macos11.6 (x86_64)
--
-- Host: localhost    Database: spring_batch
-- ------------------------------------------------------
-- Server version	8.0.27

/*!40101 SET @OLD_CHARACTER_SET_CLIENT=@@CHARACTER_SET_CLIENT */;
/*!40101 SET @OLD_CHARACTER_SET_RESULTS=@@CHARACTER_SET_RESULTS */;
/*!40101 SET @OLD_COLLATION_CONNECTION=@@COLLATION_CONNECTION */;
/*!50503 SET NAMES utf8mb4 */;
/*!40103 SET @OLD_TIME_ZONE=@@TIME_ZONE */;
/*!40103 SET TIME_ZONE='+00:00' */;
/*!40014 SET @OLD_UNIQUE_CHECKS=@@UNIQUE_CHECKS, UNIQUE_CHECKS=0 */;
/*!40014 SET @OLD_FOREIGN_KEY_CHECKS=@@FOREIGN_KEY_CHECKS, FOREIGN_KEY_CHECKS=0 */;
/*!40101 SET @OLD_SQL_MODE=@@SQL_MODE, SQL_MODE='NO_AUTO_VALUE_ON_ZERO' */;
/*!40111 SET @OLD_SQL_NOTES=@@SQL_NOTES, SQL_NOTES=0 */;

--
-- Current Database: `spring_batch`
--

CREATE DATABASE /*!32312 IF NOT EXISTS*/ `spring_batch` /*!40100 DEFAULT CHARACTER SET utf8mb4 COLLATE utf8mb4_0900_ai_ci */ /*!80016 DEFAULT ENCRYPTION='N' */;

USE `spring_batch`;

--
-- Table structure for table `BATCH_JOB_EXECUTION`
--

DROP TABLE IF EXISTS `BATCH_JOB_EXECUTION`;
/*!40101 SET @saved_cs_client     = @@character_set_client */;
/*!50503 SET character_set_client = utf8mb4 */;
CREATE TABLE `BATCH_JOB_EXECUTION` (
  `JOB_EXECUTION_ID` bigint NOT NULL,
  `VERSION` bigint DEFAULT NULL,
  `JOB_INSTANCE_ID` bigint NOT NULL,
  `CREATE_TIME` datetime NOT NULL,
  `START_TIME` datetime DEFAULT NULL,
  `END_TIME` datetime DEFAULT NULL,
  `STATUS` varchar(10) DEFAULT NULL,
  `EXIT_CODE` varchar(2500) DEFAULT NULL,
  `EXIT_MESSAGE` varchar(2500) DEFAULT NULL,
  `LAST_UPDATED` datetime DEFAULT NULL,
  `JOB_CONFIGURATION_LOCATION` varchar(2500) DEFAULT NULL,
  PRIMARY KEY (`JOB_EXECUTION_ID`),
  KEY `JOB_INST_EXEC_FK` (`JOB_INSTANCE_ID`),
  CONSTRAINT `JOB_INST_EXEC_FK` FOREIGN KEY (`JOB_INSTANCE_ID`) REFERENCES `BATCH_JOB_INSTANCE` (`JOB_INSTANCE_ID`)
) ENGINE=InnoDB DEFAULT CHARSET=utf8mb4 COLLATE=utf8mb4_0900_ai_ci;
/*!40101 SET character_set_client = @saved_cs_client */;

--
-- Dumping data for table `BATCH_JOB_EXECUTION`
--

LOCK TABLES `BATCH_JOB_EXECUTION` WRITE;
/*!40000 ALTER TABLE `BATCH_JOB_EXECUTION` DISABLE KEYS */;
INSERT INTO `BATCH_JOB_EXECUTION` VALUES (1,2,1,'2022-01-06 16:03:05','2022-01-06 16:03:05','2022-01-06 16:03:05','COMPLETED','COMPLETED','','2022-01-06 16:03:05',NULL),(2,2,2,'2022-01-06 16:03:44','2022-01-06 16:03:44','2022-01-06 16:03:44','COMPLETED','COMPLETED','','2022-01-06 16:03:44',NULL),(3,2,3,'2022-01-06 16:08:10','2022-01-06 16:08:10','2022-01-06 16:08:10','COMPLETED','COMPLETED','','2022-01-06 16:08:10',NULL),(4,2,4,'2022-01-06 16:21:35','2022-01-06 16:21:35','2022-01-06 16:21:35','COMPLETED','COMPLETED','','2022-01-06 16:21:35',NULL),(5,2,5,'2022-01-06 16:22:52','2022-01-06 16:22:52','2022-01-06 16:22:52','COMPLETED','COMPLETED','','2022-01-06 16:22:52',NULL),(6,2,6,'2022-01-06 16:22:52','2022-01-06 16:22:52','2022-01-06 16:22:52','COMPLETED','COMPLETED','','2022-01-06 16:22:52',NULL),(7,2,7,'2022-01-07 13:20:44','2022-01-07 13:20:44','2022-01-07 13:20:44','COMPLETED','COMPLETED','','2022-01-07 13:20:44',NULL),(8,2,8,'2022-01-07 13:20:44','2022-01-07 13:20:44','2022-01-07 13:20:44','COMPLETED','COMPLETED','','2022-01-07 13:20:44',NULL),(9,2,9,'2022-01-07 13:20:44','2022-01-07 13:20:44','2022-01-07 13:20:44','COMPLETED','COMPLETED','','2022-01-07 13:20:44',NULL),(10,2,10,'2022-01-07 13:27:53','2022-01-07 13:27:53','2022-01-07 13:27:53','COMPLETED','COMPLETED','','2022-01-07 13:27:53',NULL),(11,2,11,'2022-01-07 13:27:53','2022-01-07 13:27:53','2022-01-07 13:27:53','COMPLETED','COMPLETED','','2022-01-07 13:27:53',NULL),(12,2,12,'2022-01-07 13:27:53','2022-01-07 13:27:53','2022-01-07 13:27:53','COMPLETED','COMPLETED','','2022-01-07 13:27:53',NULL),(13,2,13,'2022-01-07 13:29:16','2022-01-07 13:29:16','2022-01-07 13:29:16','COMPLETED','COMPLETED','','2022-01-07 13:29:16',NULL),(14,2,14,'2022-01-07 13:29:16','2022-01-07 13:29:16','2022-01-07 13:29:16','COMPLETED','COMPLETED','','2022-01-07 13:29:16',NULL),(15,2,15,'2022-01-07 13:29:16','2022-01-07 13:29:16','2022-01-07 13:29:16','COMPLETED','COMPLETED','','2022-01-07 13:29:16',NULL),(16,2,16,'2022-01-07 14:29:10','2022-01-07 14:29:10','2022-01-07 14:29:10','COMPLETED','COMPLETED','','2022-01-07 14:29:10',NULL),(17,2,17,'2022-01-07 14:29:10','2022-01-07 14:29:10','2022-01-07 14:29:10','COMPLETED','COMPLETED','','2022-01-07 14:29:10',NULL),(18,2,18,'2022-01-07 14:29:10','2022-01-07 14:29:10','2022-01-07 14:29:11','COMPLETED','COMPLETED','','2022-01-07 14:29:11',NULL),(19,2,19,'2022-01-07 14:29:11','2022-01-07 14:29:11','2022-01-07 14:29:11','COMPLETED','COMPLETED','','2022-01-07 14:29:11',NULL),(20,2,20,'2022-01-07 14:29:40','2022-01-07 14:29:40','2022-01-07 14:29:40','COMPLETED','COMPLETED','','2022-01-07 14:29:40',NULL),(21,2,21,'2022-01-07 15:21:57','2022-01-07 15:21:57','2022-01-07 15:21:57','COMPLETED','COMPLETED','','2022-01-07 15:21:57',NULL),(22,2,22,'2022-01-08 06:27:12','2022-01-08 06:27:12','2022-01-08 06:27:12','COMPLETED','COMPLETED','','2022-01-08 06:27:12',NULL),(23,2,23,'2022-01-10 14:27:06','2022-01-10 14:27:06','2022-01-10 14:27:06','COMPLETED','COMPLETED','','2022-01-10 14:27:06',NULL),(24,2,24,'2022-01-10 14:29:07','2022-01-10 14:29:07','2022-01-10 14:29:41','FAILED','FAILED','org.springframework.web.client.HttpClientErrorException$TooManyRequests: 429 Too Many Requests: [{\"retry_after\":1,\"ok\":false,\"error\":\"rate_limited\"}]\n	at org.springframework.web.client.HttpClientErrorException.create(HttpClientErrorException.java:137)\n	at org.springframework.web.client.DefaultResponseErrorHandler.handleError(DefaultResponseErrorHandler.java:170)\n	at org.springframework.web.client.DefaultResponseErrorHandler.handleError(DefaultResponseErrorHandler.java:112)\n	at org.springframework.web.client.ResponseErrorHandler.handleError(ResponseErrorHandler.java:63)\n	at org.springframework.web.client.RestTemplate.handleResponse(RestTemplate.java:785)\n	at org.springframework.web.client.RestTemplate.doExecute(RestTemplate.java:743)\n	at org.springframework.web.client.RestTemplate.execute(RestTemplate.java:677)\n	at org.springframework.web.client.RestTemplate.postForEntity(RestTemplate.java:452)\n	at com.shoetech.releasedshoescrawlbatch.config.BatchConfiguration.lambda$slackItemWriter$5(BatchConfiguration.java:158)\n	at java.base/java.util.ArrayList.forEach(ArrayList.java:1540)\n	at java.base/java.util.Collections$UnmodifiableCollection.forEach(Collections.java:1083)\n	at com.shoetech.releasedshoescrawlbatch.config.BatchConfiguration.lambda$slackItemWriter$6(BatchConfiguration.java:155)\n	at org.springframework.batch.core.step.item.SimpleChunkProcessor.writeItems(SimpleChunkProcessor.java:193)\n	at org.springframework.batch.core.step.item.SimpleChunkProcessor.doWrite(SimpleChunkProcessor.java:159)\n	at org.springframework.batch.core.step.item.SimpleChunkProcessor.write(SimpleChunkProcessor.java:294)\n	at org.springframework.batch.core.step.item.SimpleChunkProcessor.process(SimpleChunkProcessor.java:217)\n	at org.springframework.batch.core.step.item.ChunkOrientedTasklet.execute(ChunkOrientedTasklet.java:77)\n	at org.springframework.batch.core.step.tasklet.TaskletStep$ChunkTransactionCallback.doInTransaction(TaskletStep.java:407)\n	at org.springframework.batch.core.step.tasklet.TaskletStep$ChunkTransactionCallback.doInTransaction(TaskletStep.java:331)\n	at org.springframework.transaction.support.TransactionTemplate.execute(TransactionTemplate.java:140)\n	at org.springframework.batch.core.step.tasklet.TaskletStep$2.doInChunkContext(TaskletStep.java:273)\n	at org.springframework.batch.core.scope.context.StepContextRepeatCallback.doInIteration(StepContextRepeatCallback.java:82)\n	at org.springframework.batch.repeat.support.RepeatTemplate.getNextResult(RepeatTemplate.java:375)\n	','2022-01-10 14:29:41',NULL),(25,1,25,'2022-01-10 14:34:48','2022-01-10 14:34:49',NULL,'STARTED','UNKNOWN','','2022-01-10 14:34:49',NULL),(26,2,26,'2022-01-10 14:37:46','2022-01-10 14:37:46','2022-01-10 14:37:47','COMPLETED','COMPLETED','','2022-01-10 14:37:47',NULL),(27,2,27,'2022-01-10 14:40:20','2022-01-10 14:40:20','2022-01-10 14:40:21','COMPLETED','COMPLETED','','2022-01-10 14:40:21',NULL),(28,2,28,'2022-01-10 14:41:31','2022-01-10 14:41:31','2022-01-10 14:41:32','COMPLETED','COMPLETED','','2022-01-10 14:41:32',NULL),(29,2,29,'2022-01-10 14:42:28','2022-01-10 14:42:29','2022-01-10 14:42:29','COMPLETED','COMPLETED','','2022-01-10 14:42:29',NULL),(30,2,30,'2022-01-10 14:43:01','2022-01-10 14:43:01','2022-01-10 14:43:01','COMPLETED','COMPLETED','','2022-01-10 14:43:01',NULL),(31,1,31,'2022-01-10 14:46:33','2022-01-10 14:46:33',NULL,'STARTED','UNKNOWN','','2022-01-10 14:46:33',NULL),(32,2,32,'2022-01-10 14:49:24','2022-01-10 14:49:24','2022-01-10 14:49:25','COMPLETED','COMPLETED','','2022-01-10 14:49:25',NULL),(33,2,33,'2022-01-10 14:52:59','2022-01-10 14:52:59','2022-01-10 14:53:00','COMPLETED','COMPLETED','','2022-01-10 14:53:00',NULL),(34,2,34,'2022-01-10 14:55:50','2022-01-10 14:55:50','2022-01-10 14:55:51','COMPLETED','COMPLETED','','2022-01-10 14:55:51',NULL),(35,2,35,'2022-01-10 15:09:45','2022-01-10 15:09:45','2022-01-10 15:09:46','COMPLETED','COMPLETED','','2022-01-10 15:09:46',NULL),(36,2,36,'2022-01-10 15:11:48','2022-01-10 15:11:48','2022-01-10 15:11:49','COMPLETED','COMPLETED','','2022-01-10 15:11:49',NULL),(37,2,37,'2022-01-10 15:12:49','2022-01-10 15:12:49','2022-01-10 15:12:50','COMPLETED','COMPLETED','','2022-01-10 15:12:50',NULL),(38,2,38,'2022-01-10 15:19:04','2022-01-10 15:19:04','2022-01-10 15:19:05','COMPLETED','COMPLETED','','2022-01-10 15:19:05',NULL),(39,2,39,'2022-01-10 15:21:14','2022-01-10 15:21:14','2022-01-10 15:21:15','COMPLETED','COMPLETED','','2022-01-10 15:21:15',NULL),(40,2,40,'2022-01-10 15:22:20','2022-01-10 15:22:21','2022-01-10 15:22:21','COMPLETED','COMPLETED','','2022-01-10 15:22:21',NULL),(41,2,41,'2022-01-10 15:45:19','2022-01-10 15:45:19','2022-01-10 15:45:20','COMPLETED','COMPLETED','','2022-01-10 15:45:20',NULL),(42,2,42,'2022-01-10 15:48:02','2022-01-10 15:48:02','2022-01-10 15:48:02','COMPLETED','COMPLETED','','2022-01-10 15:48:02',NULL),(43,2,43,'2022-01-10 15:49:36','2022-01-10 15:49:36','2022-01-10 15:49:37','COMPLETED','COMPLETED','','2022-01-10 15:49:37',NULL),(44,2,44,'2022-01-10 15:50:57','2022-01-10 15:50:57','2022-01-10 15:50:58','COMPLETED','COMPLETED','','2022-01-10 15:50:58',NULL),(45,2,45,'2022-01-10 15:54:45','2022-01-10 15:54:45','2022-01-10 15:55:47','COMPLETED','COMPLETED','','2022-01-10 15:55:47',NULL),(46,2,46,'2022-01-10 15:57:00','2022-01-10 15:57:00','2022-01-10 15:58:50','COMPLETED','COMPLETED','','2022-01-10 15:58:50',NULL),(47,1,47,'2022-01-10 16:06:02','2022-01-10 16:06:02',NULL,'STARTED','UNKNOWN','','2022-01-10 16:06:02',NULL),(48,2,48,'2022-01-10 16:16:30','2022-01-10 16:16:30','2022-01-10 16:16:31','COMPLETED','COMPLETED','','2022-01-10 16:16:31',NULL),(49,2,49,'2022-01-10 16:19:02','2022-01-10 16:19:02','2022-01-10 16:19:02','COMPLETED','COMPLETED','','2022-01-10 16:19:02',NULL),(50,2,50,'2022-01-11 09:03:36','2022-01-11 09:03:37','2022-01-11 09:03:40','COMPLETED','COMPLETED','','2022-01-11 09:03:40',NULL),(51,2,51,'2022-01-11 09:08:25','2022-01-11 09:08:26','2022-01-11 09:08:28','COMPLETED','COMPLETED','','2022-01-11 09:08:28',NULL),(52,2,52,'2022-01-11 09:10:08','2022-01-11 09:10:08','2022-01-11 09:11:12','COMPLETED','COMPLETED','','2022-01-11 09:11:12',NULL),(53,1,53,'2022-01-11 09:26:43','2022-01-11 09:26:43',NULL,'STARTED','UNKNOWN','','2022-01-11 09:26:43',NULL),(54,1,54,'2022-01-11 09:33:22','2022-01-11 09:33:22',NULL,'STARTED','UNKNOWN','','2022-01-11 09:33:22',NULL),(55,2,55,'2022-01-11 09:38:36','2022-01-11 09:38:36','2022-01-11 09:38:37','COMPLETED','COMPLETED','','2022-01-11 09:38:37',NULL),(56,2,56,'2022-01-11 09:40:10','2022-01-11 09:40:10','2022-01-11 09:40:10','COMPLETED','COMPLETED','','2022-01-11 09:40:10',NULL),(57,2,57,'2022-01-11 09:42:40','2022-01-11 09:42:40','2022-01-11 09:42:41','COMPLETED','COMPLETED','','2022-01-11 09:42:41',NULL),(58,2,58,'2022-01-11 09:47:23','2022-01-11 09:47:23','2022-01-11 09:47:24','COMPLETED','COMPLETED','','2022-01-11 09:47:24',NULL),(59,2,59,'2022-01-11 10:05:14','2022-01-11 10:05:15','2022-01-11 10:05:54','COMPLETED','COMPLETED','','2022-01-11 10:05:54',NULL),(60,2,60,'2022-01-11 10:12:00','2022-01-11 10:12:00','2022-01-11 10:12:09','COMPLETED','COMPLETED','','2022-01-11 10:12:09',NULL),(61,2,61,'2022-01-11 10:15:47','2022-01-11 10:15:47','2022-01-11 10:15:49','COMPLETED','COMPLETED','','2022-01-11 10:15:49',NULL),(62,2,62,'2022-01-11 12:29:02','2022-01-11 12:29:02','2022-01-11 12:29:02','COMPLETED','COMPLETED','','2022-01-11 12:29:02',NULL),(63,2,63,'2022-01-11 12:32:01','2022-01-11 12:32:01','2022-01-11 12:32:05','COMPLETED','COMPLETED','','2022-01-11 12:32:05',NULL),(64,2,64,'2022-01-12 14:00:34','2022-01-12 14:00:34','2022-01-12 14:00:58','COMPLETED','COMPLETED','','2022-01-12 14:00:58',NULL);
/*!40000 ALTER TABLE `BATCH_JOB_EXECUTION` ENABLE KEYS */;
UNLOCK TABLES;

--
-- Table structure for table `BATCH_JOB_EXECUTION_CONTEXT`
--

DROP TABLE IF EXISTS `BATCH_JOB_EXECUTION_CONTEXT`;
/*!40101 SET @saved_cs_client     = @@character_set_client */;
/*!50503 SET character_set_client = utf8mb4 */;
CREATE TABLE `BATCH_JOB_EXECUTION_CONTEXT` (
  `JOB_EXECUTION_ID` bigint NOT NULL,
  `SHORT_CONTEXT` varchar(2500) NOT NULL,
  `SERIALIZED_CONTEXT` text,
  PRIMARY KEY (`JOB_EXECUTION_ID`),
  CONSTRAINT `JOB_EXEC_CTX_FK` FOREIGN KEY (`JOB_EXECUTION_ID`) REFERENCES `BATCH_JOB_EXECUTION` (`JOB_EXECUTION_ID`)
) ENGINE=InnoDB DEFAULT CHARSET=utf8mb4 COLLATE=utf8mb4_0900_ai_ci;
/*!40101 SET character_set_client = @saved_cs_client */;

--
-- Dumping data for table `BATCH_JOB_EXECUTION_CONTEXT`
--

LOCK TABLES `BATCH_JOB_EXECUTION_CONTEXT` WRITE;
/*!40000 ALTER TABLE `BATCH_JOB_EXECUTION_CONTEXT` DISABLE KEYS */;
INSERT INTO `BATCH_JOB_EXECUTION_CONTEXT` VALUES (1,'{}',NULL),(2,'{}',NULL),(3,'{}',NULL),(4,'{}',NULL),(5,'{}',NULL),(6,'{\"jobKey\":\"job execution context\"}',NULL),(7,'{}',NULL),(8,'{\"jobKey\":\"job execution context\"}',NULL),(9,'{}',NULL),(10,'{}',NULL),(11,'{\"jobKey\":\"job execution context\"}',NULL),(12,'{}',NULL),(13,'{}',NULL),(14,'{\"jobKey\":\"job execution context\"}',NULL),(15,'{}',NULL),(16,'{}',NULL),(17,'{\"jobKey\":\"job execution context\"}',NULL),(18,'{}',NULL),(19,'{}',NULL),(20,'{}',NULL),(21,'{}',NULL),(22,'{}',NULL),(23,'{}',NULL),(24,'{}',NULL),(25,'{}',NULL),(26,'{}',NULL),(27,'{}',NULL),(28,'{}',NULL),(29,'{}',NULL),(30,'{}',NULL),(31,'{}',NULL),(32,'{}',NULL),(33,'{}',NULL),(34,'{}',NULL),(35,'{}',NULL),(36,'{}',NULL),(37,'{}',NULL),(38,'{}',NULL),(39,'{}',NULL),(40,'{}',NULL),(41,'{}',NULL),(42,'{}',NULL),(43,'{}',NULL),(44,'{}',NULL),(45,'{}',NULL),(46,'{}',NULL),(47,'{}',NULL),(48,'{}',NULL),(49,'{}',NULL),(50,'{}',NULL),(51,'{}',NULL),(52,'{}',NULL),(53,'{}',NULL),(54,'{}',NULL),(55,'{}',NULL),(56,'{}',NULL),(57,'{}',NULL),(58,'{}',NULL),(59,'{}',NULL),(60,'{}',NULL),(61,'{}',NULL),(62,'{}',NULL),(63,'{}',NULL),(64,'{}',NULL);
/*!40000 ALTER TABLE `BATCH_JOB_EXECUTION_CONTEXT` ENABLE KEYS */;
UNLOCK TABLES;

--
-- Table structure for table `BATCH_JOB_EXECUTION_PARAMS`
--

DROP TABLE IF EXISTS `BATCH_JOB_EXECUTION_PARAMS`;
/*!40101 SET @saved_cs_client     = @@character_set_client */;
/*!50503 SET character_set_client = utf8mb4 */;
CREATE TABLE `BATCH_JOB_EXECUTION_PARAMS` (
  `JOB_EXECUTION_ID` bigint NOT NULL,
  `TYPE_CD` varchar(6) NOT NULL,
  `KEY_NAME` varchar(100) NOT NULL,
  `STRING_VAL` varchar(250) DEFAULT NULL,
  `DATE_VAL` datetime DEFAULT NULL,
  `LONG_VAL` bigint DEFAULT NULL,
  `DOUBLE_VAL` double DEFAULT NULL,
  `IDENTIFYING` char(1) NOT NULL,
  KEY `JOB_EXEC_PARAMS_FK` (`JOB_EXECUTION_ID`),
  CONSTRAINT `JOB_EXEC_PARAMS_FK` FOREIGN KEY (`JOB_EXECUTION_ID`) REFERENCES `BATCH_JOB_EXECUTION` (`JOB_EXECUTION_ID`)
) ENGINE=InnoDB DEFAULT CHARSET=utf8mb4 COLLATE=utf8mb4_0900_ai_ci;
/*!40101 SET character_set_client = @saved_cs_client */;

--
-- Dumping data for table `BATCH_JOB_EXECUTION_PARAMS`
--

LOCK TABLES `BATCH_JOB_EXECUTION_PARAMS` WRITE;
/*!40000 ALTER TABLE `BATCH_JOB_EXECUTION_PARAMS` DISABLE KEYS */;
INSERT INTO `BATCH_JOB_EXECUTION_PARAMS` VALUES (1,'LONG','run.id','','1970-01-01 00:00:00',1,0,'Y'),(1,'STRING','-job.name','helloJob','1970-01-01 00:00:00',0,0,'N'),(2,'LONG','run.id','','1970-01-01 00:00:00',2,0,'Y'),(2,'STRING','-job.name','helloJob','1970-01-01 00:00:00',0,0,'N'),(3,'LONG','run.id','','1970-01-01 00:00:00',3,0,'Y'),(3,'STRING','-job.name','helloJob','1970-01-01 00:00:00',0,0,'N'),(4,'LONG','run.id','','1970-01-01 00:00:00',4,0,'Y'),(4,'STRING','-job.name','helloJob','1970-01-01 00:00:00',0,0,'N'),(5,'LONG','run.id','','1970-01-01 00:00:00',5,0,'Y'),(5,'STRING','-job.name','helloJob','1970-01-01 00:00:00',0,0,'N'),(6,'LONG','run.id','','1970-01-01 00:00:00',1,0,'Y'),(7,'LONG','run.id','','1970-01-01 00:00:00',6,0,'Y'),(7,'STRING','-job.name','chunkProcessingJob','1970-01-01 00:00:00',0,0,'N'),(8,'LONG','run.id','','1970-01-01 00:00:00',2,0,'Y'),(8,'STRING','-job.name','chunkProcessingJob','1970-01-01 00:00:00',0,0,'N'),(9,'LONG','run.id','','1970-01-01 00:00:00',1,0,'Y'),(9,'STRING','-job.name','chunkProcessingJob','1970-01-01 00:00:00',0,0,'N'),(10,'LONG','run.id','','1970-01-01 00:00:00',7,0,'Y'),(10,'STRING','-job.name','chunkProcessingJob','1970-01-01 00:00:00',0,0,'N'),(11,'LONG','run.id','','1970-01-01 00:00:00',3,0,'Y'),(11,'STRING','-job.name','chunkProcessingJob','1970-01-01 00:00:00',0,0,'N'),(12,'LONG','run.id','','1970-01-01 00:00:00',2,0,'Y'),(12,'STRING','-job.name','chunkProcessingJob','1970-01-01 00:00:00',0,0,'N'),(13,'LONG','run.id','','1970-01-01 00:00:00',8,0,'Y'),(13,'STRING','-job.name','chunkProcessingJob','1970-01-01 00:00:00',0,0,'N'),(14,'LONG','run.id','','1970-01-01 00:00:00',4,0,'Y'),(14,'STRING','-job.name','chunkProcessingJob','1970-01-01 00:00:00',0,0,'N'),(15,'LONG','run.id','','1970-01-01 00:00:00',3,0,'Y'),(15,'STRING','-job.name','chunkProcessingJob','1970-01-01 00:00:00',0,0,'N'),(16,'LONG','run.id','','1970-01-01 00:00:00',9,0,'Y'),(16,'STRING','-job.name','itemReaderJob','1970-01-01 00:00:00',0,0,'N'),(17,'LONG','run.id','','1970-01-01 00:00:00',5,0,'Y'),(17,'STRING','-job.name','itemReaderJob','1970-01-01 00:00:00',0,0,'N'),(18,'LONG','run.id','','1970-01-01 00:00:00',4,0,'Y'),(18,'STRING','-job.name','itemReaderJob','1970-01-01 00:00:00',0,0,'N'),(19,'LONG','run.id','','1970-01-01 00:00:00',1,0,'Y'),(19,'STRING','-job.name','itemReaderJob','1970-01-01 00:00:00',0,0,'N'),(20,'LONG','run.id','','1970-01-01 00:00:00',2,0,'Y'),(20,'STRING','-job.name','itemReaderJob','1970-01-01 00:00:00',0,0,'N'),(21,'LONG','run.id','','1970-01-01 00:00:00',1,0,'Y'),(21,'STRING','-job.name','itemProcessorJob','1970-01-01 00:00:00',0,0,'N'),(22,'LONG','run.id','','1970-01-01 00:00:00',2,0,'Y'),(22,'STRING','-job.name','itemProcessorJob','1970-01-01 00:00:00',0,0,'N'),(23,'LONG','run.id','','1970-01-01 00:00:00',3,0,'Y'),(23,'STRING','-job.name','itemProcessorJob','1970-01-01 00:00:00',0,0,'N'),(24,'LONG','run.id','','1970-01-01 00:00:00',1,0,'Y'),(24,'STRING','-job.name','releasedShoesCrawlJob','1970-01-01 00:00:00',0,0,'N'),(25,'LONG','run.id','','1970-01-01 00:00:00',2,0,'Y'),(25,'STRING','-job.name','releasedShoesCrawlJob','1970-01-01 00:00:00',0,0,'N'),(26,'LONG','run.id','','1970-01-01 00:00:00',3,0,'Y'),(26,'STRING','-job.name','releasedShoesCrawlJob','1970-01-01 00:00:00',0,0,'N'),(27,'LONG','run.id','','1970-01-01 00:00:00',4,0,'Y'),(27,'STRING','-job.name','releasedShoesCrawlJob','1970-01-01 00:00:00',0,0,'N'),(28,'LONG','run.id','','1970-01-01 00:00:00',5,0,'Y'),(28,'STRING','-job.name','releasedShoesCrawlJob','1970-01-01 00:00:00',0,0,'N'),(29,'LONG','run.id','','1970-01-01 00:00:00',6,0,'Y'),(29,'STRING','-job.name','releasedShoesCrawlJob','1970-01-01 00:00:00',0,0,'N'),(30,'LONG','run.id','','1970-01-01 00:00:00',7,0,'Y'),(30,'STRING','-job.name','releasedShoesCrawlJob','1970-01-01 00:00:00',0,0,'N'),(31,'LONG','run.id','','1970-01-01 00:00:00',8,0,'Y'),(31,'STRING','-job.name','releasedShoesCrawlJob','1970-01-01 00:00:00',0,0,'N'),(32,'LONG','run.id','','1970-01-01 00:00:00',9,0,'Y'),(32,'STRING','-job.name','releasedShoesCrawlJob','1970-01-01 00:00:00',0,0,'N'),(33,'LONG','run.id','','1970-01-01 00:00:00',10,0,'Y'),(33,'STRING','-job.name','releasedShoesCrawlJob','1970-01-01 00:00:00',0,0,'N'),(34,'LONG','run.id','','1970-01-01 00:00:00',11,0,'Y'),(34,'STRING','-job.name','releasedShoesCrawlJob','1970-01-01 00:00:00',0,0,'N'),(35,'LONG','run.id','','1970-01-01 00:00:00',12,0,'Y'),(35,'STRING','-job.name','releasedShoesCrawlJob','1970-01-01 00:00:00',0,0,'N'),(36,'LONG','run.id','','1970-01-01 00:00:00',13,0,'Y'),(36,'STRING','-job.name','releasedShoesCrawlJob','1970-01-01 00:00:00',0,0,'N'),(37,'LONG','run.id','','1970-01-01 00:00:00',14,0,'Y'),(37,'STRING','-job.name','releasedShoesCrawlJob','1970-01-01 00:00:00',0,0,'N'),(38,'LONG','run.id','','1970-01-01 00:00:00',15,0,'Y'),(38,'STRING','-job.name','releasedShoesCrawlJob','1970-01-01 00:00:00',0,0,'N'),(39,'LONG','run.id','','1970-01-01 00:00:00',16,0,'Y'),(39,'STRING','-job.name','releasedShoesCrawlJob','1970-01-01 00:00:00',0,0,'N'),(40,'LONG','run.id','','1970-01-01 00:00:00',17,0,'Y'),(40,'STRING','-job.name','releasedShoesCrawlJob','1970-01-01 00:00:00',0,0,'N'),(41,'LONG','run.id','','1970-01-01 00:00:00',18,0,'Y'),(41,'STRING','-job.name','releasedShoesCrawlJob','1970-01-01 00:00:00',0,0,'N'),(42,'LONG','run.id','','1970-01-01 00:00:00',19,0,'Y'),(42,'STRING','-job.name','releasedShoesCrawlJob','1970-01-01 00:00:00',0,0,'N'),(43,'LONG','run.id','','1970-01-01 00:00:00',20,0,'Y'),(43,'STRING','-job.name','releasedShoesCrawlJob','1970-01-01 00:00:00',0,0,'N'),(44,'LONG','run.id','','1970-01-01 00:00:00',21,0,'Y'),(44,'STRING','-job.name','releasedShoesCrawlJob','1970-01-01 00:00:00',0,0,'N'),(45,'LONG','run.id','','1970-01-01 00:00:00',22,0,'Y'),(45,'STRING','-job.name','releasedShoesCrawlJob','1970-01-01 00:00:00',0,0,'N'),(46,'LONG','run.id','','1970-01-01 00:00:00',23,0,'Y'),(46,'STRING','-job.name','releasedShoesCrawlJob','1970-01-01 00:00:00',0,0,'N'),(47,'LONG','run.id','','1970-01-01 00:00:00',24,0,'Y'),(47,'STRING','-job.name','releasedShoesCrawlJob','1970-01-01 00:00:00',0,0,'N'),(48,'LONG','run.id','','1970-01-01 00:00:00',25,0,'Y'),(48,'STRING','-job.name','releasedShoesCrawlJob','1970-01-01 00:00:00',0,0,'N'),(49,'LONG','run.id','','1970-01-01 00:00:00',26,0,'Y'),(49,'STRING','-job.name','releasedShoesCrawlJob','1970-01-01 00:00:00',0,0,'N'),(50,'LONG','run.id','','1970-01-01 00:00:00',27,0,'Y'),(50,'STRING','-job.name','releasedShoesCrawlJob','1970-01-01 00:00:00',0,0,'N'),(51,'LONG','run.id','','1970-01-01 00:00:00',28,0,'Y'),(51,'STRING','-job.name','releasedShoesCrawlJob','1970-01-01 00:00:00',0,0,'N'),(52,'LONG','run.id','','1970-01-01 00:00:00',29,0,'Y'),(52,'STRING','-job.name','releasedShoesCrawlJob','1970-01-01 00:00:00',0,0,'N'),(53,'LONG','run.id','','1970-01-01 00:00:00',30,0,'Y'),(53,'STRING','-job.name','releasedShoesCrawlJob','1970-01-01 00:00:00',0,0,'N'),(54,'LONG','run.id','','1970-01-01 00:00:00',31,0,'Y'),(54,'STRING','-job.name','releasedShoesCrawlJob','1970-01-01 00:00:00',0,0,'N'),(55,'LONG','run.id','','1970-01-01 00:00:00',32,0,'Y'),(55,'STRING','-job.name','releasedShoesCrawlJob','1970-01-01 00:00:00',0,0,'N'),(56,'LONG','run.id','','1970-01-01 00:00:00',33,0,'Y'),(56,'STRING','-job.name','releasedShoesCrawlJob','1970-01-01 00:00:00',0,0,'N'),(57,'LONG','run.id','','1970-01-01 00:00:00',34,0,'Y'),(57,'STRING','-job.name','releasedShoesCrawlJob','1970-01-01 00:00:00',0,0,'N'),(58,'LONG','run.id','','1970-01-01 00:00:00',35,0,'Y'),(58,'STRING','-job.name','releasedShoesCrawlJob','1970-01-01 00:00:00',0,0,'N'),(59,'LONG','run.id','','1970-01-01 00:00:00',36,0,'Y'),(59,'STRING','-job.name','releasedShoesCrawlJob','1970-01-01 00:00:00',0,0,'N'),(60,'LONG','run.id','','1970-01-01 00:00:00',37,0,'Y'),(60,'STRING','-job.name','releasedShoesCrawlJob','1970-01-01 00:00:00',0,0,'N'),(61,'LONG','run.id','','1970-01-01 00:00:00',38,0,'Y'),(61,'STRING','-job.name','releasedShoesCrawlJob','1970-01-01 00:00:00',0,0,'N'),(62,'STRING','-mysql_user','root','1970-01-01 00:00:00',0,0,'N'),(62,'LONG','run.id','','1970-01-01 00:00:00',4,0,'Y'),(62,'STRING','-job.name','itemProcessorJob','1970-01-01 00:00:00',0,0,'N'),(63,'LONG','run.id','','1970-01-01 00:00:00',39,0,'Y'),(63,'STRING','-mysql_username','root','1970-01-01 00:00:00',0,0,'N'),(63,'STRING','-job.name','releasedShoesCrawlJob','1970-01-01 00:00:00',0,0,'N'),(64,'STRING','-mysql_username','root','1970-01-01 00:00:00',0,0,'N'),(64,'STRING','-spring.profiles.active','mysql','1970-01-01 00:00:00',0,0,'N'),(64,'LONG','run.id','','1970-01-01 00:00:00',40,0,'Y'),(64,'STRING','-job.name','releasedShoesCrawlJob','1970-01-01 00:00:00',0,0,'N');
/*!40000 ALTER TABLE `BATCH_JOB_EXECUTION_PARAMS` ENABLE KEYS */;
UNLOCK TABLES;

--
-- Table structure for table `BATCH_JOB_EXECUTION_SEQ`
--

DROP TABLE IF EXISTS `BATCH_JOB_EXECUTION_SEQ`;
/*!40101 SET @saved_cs_client     = @@character_set_client */;
/*!50503 SET character_set_client = utf8mb4 */;
CREATE TABLE `BATCH_JOB_EXECUTION_SEQ` (
  `ID` bigint NOT NULL,
  `UNIQUE_KEY` char(1) NOT NULL,
  UNIQUE KEY `UNIQUE_KEY_UN` (`UNIQUE_KEY`)
) ENGINE=InnoDB DEFAULT CHARSET=utf8mb4 COLLATE=utf8mb4_0900_ai_ci;
/*!40101 SET character_set_client = @saved_cs_client */;

--
-- Dumping data for table `BATCH_JOB_EXECUTION_SEQ`
--

LOCK TABLES `BATCH_JOB_EXECUTION_SEQ` WRITE;
/*!40000 ALTER TABLE `BATCH_JOB_EXECUTION_SEQ` DISABLE KEYS */;
INSERT INTO `BATCH_JOB_EXECUTION_SEQ` VALUES (64,'0');
/*!40000 ALTER TABLE `BATCH_JOB_EXECUTION_SEQ` ENABLE KEYS */;
UNLOCK TABLES;

--
-- Table structure for table `BATCH_JOB_INSTANCE`
--

DROP TABLE IF EXISTS `BATCH_JOB_INSTANCE`;
/*!40101 SET @saved_cs_client     = @@character_set_client */;
/*!50503 SET character_set_client = utf8mb4 */;
CREATE TABLE `BATCH_JOB_INSTANCE` (
  `JOB_INSTANCE_ID` bigint NOT NULL,
  `VERSION` bigint DEFAULT NULL,
  `JOB_NAME` varchar(100) NOT NULL,
  `JOB_KEY` varchar(32) NOT NULL,
  PRIMARY KEY (`JOB_INSTANCE_ID`),
  UNIQUE KEY `JOB_INST_UN` (`JOB_NAME`,`JOB_KEY`)
) ENGINE=InnoDB DEFAULT CHARSET=utf8mb4 COLLATE=utf8mb4_0900_ai_ci;
/*!40101 SET character_set_client = @saved_cs_client */;

--
-- Dumping data for table `BATCH_JOB_INSTANCE`
--

LOCK TABLES `BATCH_JOB_INSTANCE` WRITE;
/*!40000 ALTER TABLE `BATCH_JOB_INSTANCE` DISABLE KEYS */;
INSERT INTO `BATCH_JOB_INSTANCE` VALUES (1,0,'helloJob','853d3449e311f40366811cbefb3d93d7'),(2,0,'helloJob','e070bff4379694c0210a51d9f6c6a564'),(3,0,'helloJob','a3364faf893276dea0caacefbf618db5'),(4,0,'helloJob','47c0a8118b74165a864b66d37c7b6cf5'),(5,0,'helloJob','ce148f5f9c2bf4dc9bd44a7a5f64204c'),(6,0,'sharedJob','853d3449e311f40366811cbefb3d93d7'),(7,0,'helloJob','bd0034040292bc81e6ccac0e25d9a578'),(8,0,'sharedJob','e070bff4379694c0210a51d9f6c6a564'),(9,0,'chunkProcessingJob','853d3449e311f40366811cbefb3d93d7'),(10,0,'helloJob','597815c7e4ab1092c1b25130aae725cb'),(11,0,'sharedJob','a3364faf893276dea0caacefbf618db5'),(12,0,'chunkProcessingJob','e070bff4379694c0210a51d9f6c6a564'),(13,0,'helloJob','f55a96b11012be4fcfb6cf005435182d'),(14,0,'sharedJob','47c0a8118b74165a864b66d37c7b6cf5'),(15,0,'chunkProcessingJob','a3364faf893276dea0caacefbf618db5'),(16,0,'helloJob','96a5ed9bac43e779455f3e71c0f64840'),(17,0,'sharedJob','ce148f5f9c2bf4dc9bd44a7a5f64204c'),(18,0,'chunkProcessingJob','47c0a8118b74165a864b66d37c7b6cf5'),(19,0,'itemReaderJob','853d3449e311f40366811cbefb3d93d7'),(20,0,'itemReaderJob','e070bff4379694c0210a51d9f6c6a564'),(21,0,'itemProcessorJob','853d3449e311f40366811cbefb3d93d7'),(22,0,'itemProcessorJob','e070bff4379694c0210a51d9f6c6a564'),(23,0,'itemProcessorJob','a3364faf893276dea0caacefbf618db5'),(24,0,'releasedShoesCrawlJob','853d3449e311f40366811cbefb3d93d7'),(25,0,'releasedShoesCrawlJob','e070bff4379694c0210a51d9f6c6a564'),(26,0,'releasedShoesCrawlJob','a3364faf893276dea0caacefbf618db5'),(27,0,'releasedShoesCrawlJob','47c0a8118b74165a864b66d37c7b6cf5'),(28,0,'releasedShoesCrawlJob','ce148f5f9c2bf4dc9bd44a7a5f64204c'),(29,0,'releasedShoesCrawlJob','bd0034040292bc81e6ccac0e25d9a578'),(30,0,'releasedShoesCrawlJob','597815c7e4ab1092c1b25130aae725cb'),(31,0,'releasedShoesCrawlJob','f55a96b11012be4fcfb6cf005435182d'),(32,0,'releasedShoesCrawlJob','96a5ed9bac43e779455f3e71c0f64840'),(33,0,'releasedShoesCrawlJob','1aac4f3e74894b78fa3ce5d8a25e1ef0'),(34,0,'releasedShoesCrawlJob','604bbfc4c68cb1f903780c2853ad4801'),(35,0,'releasedShoesCrawlJob','556ebe34220b4032509f2581356ba47c'),(36,0,'releasedShoesCrawlJob','edc440efb5ddd2a3b2622f16a12bf105'),(37,0,'releasedShoesCrawlJob','f3d5e568c384ee72cba8bc6a51057fe4'),(38,0,'releasedShoesCrawlJob','378ef1ecb81cf9edac4ab119bdab9d9d'),(39,0,'releasedShoesCrawlJob','e073471cc312cadef424c3be7915c0af'),(40,0,'releasedShoesCrawlJob','46ba78a99abf1e2fba4a8861749d7572'),(41,0,'releasedShoesCrawlJob','b88d31b704adf9f94fe9d4ccff795708'),(42,0,'releasedShoesCrawlJob','64d4e6d635ee3ad949314224afce46c2'),(43,0,'releasedShoesCrawlJob','75c16c09800a944220a789de10278de0'),(44,0,'releasedShoesCrawlJob','1b759d32440acdcbf90da6919b5d16ad'),(45,0,'releasedShoesCrawlJob','1f995cec4b562af773a2e473c369f069'),(46,0,'releasedShoesCrawlJob','42106293a859255c2b210d04a51240ca'),(47,0,'releasedShoesCrawlJob','9799b3a84f4d6f15a5e8c11360e7387b'),(48,0,'releasedShoesCrawlJob','6eecb29840a845c35cfa9b2da21862f9'),(49,0,'releasedShoesCrawlJob','e465389b77512db6f30ed6a3b7a9682c'),(50,0,'releasedShoesCrawlJob','19be35489361f0d498838921e450c4cb'),(51,0,'releasedShoesCrawlJob','20744cb6ca7f8dc12940aa7fd8f89763'),(52,0,'releasedShoesCrawlJob','a3bcf78496166aaf18ec0c14120074d6'),(53,0,'releasedShoesCrawlJob','890787fe3f8be2564cf02f516acdac28'),(54,0,'releasedShoesCrawlJob','5b65175918977eab4addf511ccceb909'),(55,0,'releasedShoesCrawlJob','9c9fce01479d33c09c00ad7ef17a0fa7'),(56,0,'releasedShoesCrawlJob','4e2d614992aa7a22b11fc1d32b1e3000'),(57,0,'releasedShoesCrawlJob','50431ec8d19c121d87fbf96bef0b712f'),(58,0,'releasedShoesCrawlJob','31a37b7e33e41f6cb941c4d363fcf2ca'),(59,0,'releasedShoesCrawlJob','56d75bdddea05ee8f2ed823177214afe'),(60,0,'releasedShoesCrawlJob','90a4c5eeeb198a44066f972c03932729'),(61,0,'releasedShoesCrawlJob','97aac63b71ba2c9861f14f9258560d32'),(62,0,'itemProcessorJob','47c0a8118b74165a864b66d37c7b6cf5'),(63,0,'releasedShoesCrawlJob','872d74920dbab4e51affe4be09596eba'),(64,0,'releasedShoesCrawlJob','cb473369d04e3172cac9d72b8ceb3a37');
/*!40000 ALTER TABLE `BATCH_JOB_INSTANCE` ENABLE KEYS */;
UNLOCK TABLES;

--
-- Table structure for table `BATCH_JOB_SEQ`
--

DROP TABLE IF EXISTS `BATCH_JOB_SEQ`;
/*!40101 SET @saved_cs_client     = @@character_set_client */;
/*!50503 SET character_set_client = utf8mb4 */;
CREATE TABLE `BATCH_JOB_SEQ` (
  `ID` bigint NOT NULL,
  `UNIQUE_KEY` char(1) NOT NULL,
  UNIQUE KEY `UNIQUE_KEY_UN` (`UNIQUE_KEY`)
) ENGINE=InnoDB DEFAULT CHARSET=utf8mb4 COLLATE=utf8mb4_0900_ai_ci;
/*!40101 SET character_set_client = @saved_cs_client */;

--
-- Dumping data for table `BATCH_JOB_SEQ`
--

LOCK TABLES `BATCH_JOB_SEQ` WRITE;
/*!40000 ALTER TABLE `BATCH_JOB_SEQ` DISABLE KEYS */;
INSERT INTO `BATCH_JOB_SEQ` VALUES (64,'0');
/*!40000 ALTER TABLE `BATCH_JOB_SEQ` ENABLE KEYS */;
UNLOCK TABLES;

--
-- Table structure for table `BATCH_STEP_EXECUTION`
--

DROP TABLE IF EXISTS `BATCH_STEP_EXECUTION`;
/*!40101 SET @saved_cs_client     = @@character_set_client */;
/*!50503 SET character_set_client = utf8mb4 */;
CREATE TABLE `BATCH_STEP_EXECUTION` (
  `STEP_EXECUTION_ID` bigint NOT NULL,
  `VERSION` bigint NOT NULL,
  `STEP_NAME` varchar(100) NOT NULL,
  `JOB_EXECUTION_ID` bigint NOT NULL,
  `START_TIME` datetime NOT NULL,
  `END_TIME` datetime DEFAULT NULL,
  `STATUS` varchar(10) DEFAULT NULL,
  `COMMIT_COUNT` bigint DEFAULT NULL,
  `READ_COUNT` bigint DEFAULT NULL,
  `FILTER_COUNT` bigint DEFAULT NULL,
  `WRITE_COUNT` bigint DEFAULT NULL,
  `READ_SKIP_COUNT` bigint DEFAULT NULL,
  `WRITE_SKIP_COUNT` bigint DEFAULT NULL,
  `PROCESS_SKIP_COUNT` bigint DEFAULT NULL,
  `ROLLBACK_COUNT` bigint DEFAULT NULL,
  `EXIT_CODE` varchar(2500) DEFAULT NULL,
  `EXIT_MESSAGE` varchar(2500) DEFAULT NULL,
  `LAST_UPDATED` datetime DEFAULT NULL,
  PRIMARY KEY (`STEP_EXECUTION_ID`),
  KEY `JOB_EXEC_STEP_FK` (`JOB_EXECUTION_ID`),
  CONSTRAINT `JOB_EXEC_STEP_FK` FOREIGN KEY (`JOB_EXECUTION_ID`) REFERENCES `BATCH_JOB_EXECUTION` (`JOB_EXECUTION_ID`)
) ENGINE=InnoDB DEFAULT CHARSET=utf8mb4 COLLATE=utf8mb4_0900_ai_ci;
/*!40101 SET character_set_client = @saved_cs_client */;

--
-- Dumping data for table `BATCH_STEP_EXECUTION`
--

LOCK TABLES `BATCH_STEP_EXECUTION` WRITE;
/*!40000 ALTER TABLE `BATCH_STEP_EXECUTION` DISABLE KEYS */;
INSERT INTO `BATCH_STEP_EXECUTION` VALUES (1,3,'helloStep',1,'2022-01-06 16:03:05','2022-01-06 16:03:05','COMPLETED',1,0,0,0,0,0,0,0,'COMPLETED','','2022-01-06 16:03:05'),(2,3,'helloStep',2,'2022-01-06 16:03:44','2022-01-06 16:03:44','COMPLETED',1,0,0,0,0,0,0,0,'COMPLETED','','2022-01-06 16:03:44'),(3,3,'helloStep',3,'2022-01-06 16:08:10','2022-01-06 16:08:10','COMPLETED',1,0,0,0,0,0,0,0,'COMPLETED','','2022-01-06 16:08:10'),(4,3,'helloStep',4,'2022-01-06 16:21:35','2022-01-06 16:21:35','COMPLETED',1,0,0,0,0,0,0,0,'COMPLETED','','2022-01-06 16:21:35'),(5,3,'helloStep',5,'2022-01-06 16:22:52','2022-01-06 16:22:52','COMPLETED',1,0,0,0,0,0,0,0,'COMPLETED','','2022-01-06 16:22:52'),(6,3,'shareStep',6,'2022-01-06 16:22:52','2022-01-06 16:22:52','COMPLETED',1,0,0,0,0,0,0,0,'COMPLETED','','2022-01-06 16:22:52'),(7,3,'shareStep2',6,'2022-01-06 16:22:52','2022-01-06 16:22:52','COMPLETED',1,0,0,0,0,0,0,0,'COMPLETED','','2022-01-06 16:22:52'),(8,3,'helloStep',7,'2022-01-07 13:20:44','2022-01-07 13:20:44','COMPLETED',1,0,0,0,0,0,0,0,'COMPLETED','','2022-01-07 13:20:44'),(9,3,'shareStep',8,'2022-01-07 13:20:44','2022-01-07 13:20:44','COMPLETED',1,0,0,0,0,0,0,0,'COMPLETED','','2022-01-07 13:20:44'),(10,3,'shareStep2',8,'2022-01-07 13:20:44','2022-01-07 13:20:44','COMPLETED',1,0,0,0,0,0,0,0,'COMPLETED','','2022-01-07 13:20:44'),(11,3,'taskBaseStep',9,'2022-01-07 13:20:44','2022-01-07 13:20:44','COMPLETED',1,0,0,0,0,0,0,0,'COMPLETED','','2022-01-07 13:20:44'),(12,3,'helloStep',10,'2022-01-07 13:27:53','2022-01-07 13:27:53','COMPLETED',1,0,0,0,0,0,0,0,'COMPLETED','','2022-01-07 13:27:53'),(13,3,'shareStep',11,'2022-01-07 13:27:53','2022-01-07 13:27:53','COMPLETED',1,0,0,0,0,0,0,0,'COMPLETED','','2022-01-07 13:27:53'),(14,3,'shareStep2',11,'2022-01-07 13:27:53','2022-01-07 13:27:53','COMPLETED',1,0,0,0,0,0,0,0,'COMPLETED','','2022-01-07 13:27:53'),(15,3,'taskBaseStep',12,'2022-01-07 13:27:53','2022-01-07 13:27:53','COMPLETED',1,0,0,0,0,0,0,0,'COMPLETED','','2022-01-07 13:27:53'),(16,13,'chunkBaseStep',12,'2022-01-07 13:27:53','2022-01-07 13:27:53','COMPLETED',11,100,0,100,0,0,0,0,'COMPLETED','','2022-01-07 13:27:53'),(17,3,'helloStep',13,'2022-01-07 13:29:16','2022-01-07 13:29:16','COMPLETED',1,0,0,0,0,0,0,0,'COMPLETED','','2022-01-07 13:29:16'),(18,3,'shareStep',14,'2022-01-07 13:29:16','2022-01-07 13:29:16','COMPLETED',1,0,0,0,0,0,0,0,'COMPLETED','','2022-01-07 13:29:16'),(19,3,'shareStep2',14,'2022-01-07 13:29:16','2022-01-07 13:29:16','COMPLETED',1,0,0,0,0,0,0,0,'COMPLETED','','2022-01-07 13:29:16'),(20,3,'taskBaseStep',15,'2022-01-07 13:29:16','2022-01-07 13:29:16','COMPLETED',1,0,0,0,0,0,0,0,'COMPLETED','','2022-01-07 13:29:16'),(21,13,'chunkBaseStep',15,'2022-01-07 13:29:16','2022-01-07 13:29:16','COMPLETED',11,100,0,100,0,0,0,0,'COMPLETED','','2022-01-07 13:29:16'),(22,3,'helloStep',16,'2022-01-07 14:29:10','2022-01-07 14:29:10','COMPLETED',1,0,0,0,0,0,0,0,'COMPLETED','','2022-01-07 14:29:10'),(23,3,'shareStep',17,'2022-01-07 14:29:10','2022-01-07 14:29:10','COMPLETED',1,0,0,0,0,0,0,0,'COMPLETED','','2022-01-07 14:29:10'),(24,3,'shareStep2',17,'2022-01-07 14:29:10','2022-01-07 14:29:10','COMPLETED',1,0,0,0,0,0,0,0,'COMPLETED','','2022-01-07 14:29:10'),(25,3,'taskBaseStep',18,'2022-01-07 14:29:10','2022-01-07 14:29:10','COMPLETED',1,0,0,0,0,0,0,0,'COMPLETED','','2022-01-07 14:29:10'),(26,13,'chunkBaseStep',18,'2022-01-07 14:29:10','2022-01-07 14:29:11','COMPLETED',11,100,0,100,0,0,0,0,'COMPLETED','','2022-01-07 14:29:11'),(27,4,'customItemReaderStep',19,'2022-01-07 14:29:11','2022-01-07 14:29:11','COMPLETED',2,10,0,10,0,0,0,0,'COMPLETED','','2022-01-07 14:29:11'),(28,4,'customItemReaderStep',20,'2022-01-07 14:29:40','2022-01-07 14:29:40','COMPLETED',2,10,0,10,0,0,0,0,'COMPLETED','','2022-01-07 14:29:40'),(29,4,'itemProcessorStep',21,'2022-01-07 15:21:57','2022-01-07 15:21:57','COMPLETED',2,10,5,5,0,0,0,0,'COMPLETED','','2022-01-07 15:21:57'),(30,4,'itemProcessorStep',22,'2022-01-08 06:27:12','2022-01-08 06:27:12','COMPLETED',2,10,5,5,0,0,0,0,'COMPLETED','','2022-01-08 06:27:12'),(31,4,'itemProcessorStep',23,'2022-01-10 14:27:06','2022-01-10 14:27:06','COMPLETED',2,10,5,5,0,0,0,0,'COMPLETED','','2022-01-10 14:27:06'),(32,109,'releasedShoesCrawlStep',24,'2022-01-10 14:29:07','2022-01-10 14:29:07','COMPLETED',107,1065,982,83,0,0,0,0,'COMPLETED','','2022-01-10 14:29:07'),(33,3,'jpaStep',24,'2022-01-10 14:29:07','2022-01-10 14:29:07','COMPLETED',1,0,0,0,0,0,0,0,'COMPLETED','','2022-01-10 14:29:07'),(34,10,'slackStep',24,'2022-01-10 14:29:07','2022-01-10 14:29:41','FAILED',8,90,0,80,0,0,0,1,'FAILED','org.springframework.web.client.HttpClientErrorException$TooManyRequests: 429 Too Many Requests: [{\"retry_after\":1,\"ok\":false,\"error\":\"rate_limited\"}]\n	at org.springframework.web.client.HttpClientErrorException.create(HttpClientErrorException.java:137)\n	at org.springframework.web.client.DefaultResponseErrorHandler.handleError(DefaultResponseErrorHandler.java:170)\n	at org.springframework.web.client.DefaultResponseErrorHandler.handleError(DefaultResponseErrorHandler.java:112)\n	at org.springframework.web.client.ResponseErrorHandler.handleError(ResponseErrorHandler.java:63)\n	at org.springframework.web.client.RestTemplate.handleResponse(RestTemplate.java:785)\n	at org.springframework.web.client.RestTemplate.doExecute(RestTemplate.java:743)\n	at org.springframework.web.client.RestTemplate.execute(RestTemplate.java:677)\n	at org.springframework.web.client.RestTemplate.postForEntity(RestTemplate.java:452)\n	at com.shoetech.releasedshoescrawlbatch.config.BatchConfiguration.lambda$slackItemWriter$5(BatchConfiguration.java:158)\n	at java.base/java.util.ArrayList.forEach(ArrayList.java:1540)\n	at java.base/java.util.Collections$UnmodifiableCollection.forEach(Collections.java:1083)\n	at com.shoetech.releasedshoescrawlbatch.config.BatchConfiguration.lambda$slackItemWriter$6(BatchConfiguration.java:155)\n	at org.springframework.batch.core.step.item.SimpleChunkProcessor.writeItems(SimpleChunkProcessor.java:193)\n	at org.springframework.batch.core.step.item.SimpleChunkProcessor.doWrite(SimpleChunkProcessor.java:159)\n	at org.springframework.batch.core.step.item.SimpleChunkProcessor.write(SimpleChunkProcessor.java:294)\n	at org.springframework.batch.core.step.item.SimpleChunkProcessor.process(SimpleChunkProcessor.java:217)\n	at org.springframework.batch.core.step.item.ChunkOrientedTasklet.execute(ChunkOrientedTasklet.java:77)\n	at org.springframework.batch.core.step.tasklet.TaskletStep$ChunkTransactionCallback.doInTransaction(TaskletStep.java:407)\n	at org.springframework.batch.core.step.tasklet.TaskletStep$ChunkTransactionCallback.doInTransaction(TaskletStep.java:331)\n	at org.springframework.transaction.support.TransactionTemplate.execute(TransactionTemplate.java:140)\n	at org.springframework.batch.core.step.tasklet.TaskletStep$2.doInChunkContext(TaskletStep.java:273)\n	at org.springframework.batch.core.scope.context.StepContextRepeatCallback.doInIteration(StepContextRepeatCallback.java:82)\n	at org.springframework.batch.repeat.support.RepeatTemplate.getNextResult(RepeatTemplate.java:375)\n	','2022-01-10 14:29:41'),(35,109,'releasedShoesCrawlStep',25,'2022-01-10 14:34:49','2022-01-10 14:34:49','COMPLETED',107,1065,982,83,0,0,0,0,'COMPLETED','','2022-01-10 14:34:49'),(36,3,'jpaStep',25,'2022-01-10 14:34:49','2022-01-10 14:34:49','COMPLETED',1,0,0,0,0,0,0,0,'COMPLETED','','2022-01-10 14:34:49'),(37,12391,'slackStep',25,'2022-01-10 14:34:49',NULL,'STARTED',12390,123900,0,123900,0,0,0,0,'EXECUTING','','2022-01-10 14:35:15'),(38,109,'releasedShoesCrawlStep',26,'2022-01-10 14:37:46','2022-01-10 14:37:47','COMPLETED',107,1065,982,83,0,0,0,0,'COMPLETED','','2022-01-10 14:37:47'),(39,3,'jpaStep',26,'2022-01-10 14:37:47','2022-01-10 14:37:47','COMPLETED',1,0,0,0,0,0,0,0,'COMPLETED','','2022-01-10 14:37:47'),(40,109,'releasedShoesCrawlStep',27,'2022-01-10 14:40:20','2022-01-10 14:40:21','COMPLETED',107,1065,982,83,0,0,0,0,'COMPLETED','','2022-01-10 14:40:21'),(41,3,'jpaStep',27,'2022-01-10 14:40:21','2022-01-10 14:40:21','COMPLETED',1,0,0,0,0,0,0,0,'COMPLETED','','2022-01-10 14:40:21'),(42,109,'releasedShoesCrawlStep',28,'2022-01-10 14:41:31','2022-01-10 14:41:31','COMPLETED',107,1065,982,83,0,0,0,0,'COMPLETED','','2022-01-10 14:41:31'),(43,11,'jpaStep',28,'2022-01-10 14:41:31','2022-01-10 14:41:32','COMPLETED',9,83,0,83,0,0,0,0,'COMPLETED','','2022-01-10 14:41:32'),(44,109,'releasedShoesCrawlStep',29,'2022-01-10 14:42:29','2022-01-10 14:42:29','COMPLETED',107,1065,982,83,0,0,0,0,'COMPLETED','','2022-01-10 14:42:29'),(45,11,'jpaStep',29,'2022-01-10 14:42:29','2022-01-10 14:42:29','COMPLETED',9,83,83,0,0,0,0,0,'COMPLETED','','2022-01-10 14:42:29'),(46,3,'slackStep',29,'2022-01-10 14:42:29','2022-01-10 14:42:29','COMPLETED',1,0,0,0,0,0,0,0,'COMPLETED','','2022-01-10 14:42:29'),(47,109,'releasedShoesCrawlStep',30,'2022-01-10 14:43:01','2022-01-10 14:43:01','COMPLETED',107,1065,982,83,0,0,0,0,'COMPLETED','','2022-01-10 14:43:01'),(48,11,'jpaStep',30,'2022-01-10 14:43:01','2022-01-10 14:43:01','COMPLETED',9,83,83,0,0,0,0,0,'COMPLETED','','2022-01-10 14:43:01'),(49,3,'slackStep',30,'2022-01-10 14:43:01','2022-01-10 14:43:01','COMPLETED',1,0,0,0,0,0,0,0,'COMPLETED','','2022-01-10 14:43:01'),(50,109,'releasedShoesCrawlStep',31,'2022-01-10 14:46:33','2022-01-10 14:46:33','COMPLETED',107,1065,982,83,0,0,0,0,'COMPLETED','','2022-01-10 14:46:33'),(51,10,'jpaStep',31,'2022-01-10 14:46:33','2022-01-10 14:46:33','COMPLETED',8,75,75,0,0,0,0,0,'COMPLETED','','2022-01-10 14:46:33'),(52,4,'slackStep',31,'2022-01-10 14:46:33',NULL,'STARTED',3,30,0,30,0,0,0,0,'EXECUTING','','2022-01-10 14:46:47'),(53,109,'releasedShoesCrawlStep',32,'2022-01-10 14:49:24','2022-01-10 14:49:24','COMPLETED',107,1065,982,83,0,0,0,0,'COMPLETED','','2022-01-10 14:49:24'),(54,10,'jpaStep',32,'2022-01-10 14:49:24','2022-01-10 14:49:24','COMPLETED',8,75,75,0,0,0,0,0,'COMPLETED','','2022-01-10 14:49:24'),(55,3,'slackStep',32,'2022-01-10 14:49:24','2022-01-10 14:49:25','COMPLETED',1,0,0,0,0,0,0,0,'COMPLETED','','2022-01-10 14:49:25'),(56,109,'releasedShoesCrawlStep',33,'2022-01-10 14:52:59','2022-01-10 14:52:59','COMPLETED',107,1065,982,83,0,0,0,0,'COMPLETED','','2022-01-10 14:52:59'),(57,10,'jpaStep',33,'2022-01-10 14:52:59','2022-01-10 14:53:00','COMPLETED',8,75,75,0,0,0,0,0,'COMPLETED','','2022-01-10 14:53:00'),(58,3,'slackStep',33,'2022-01-10 14:53:00','2022-01-10 14:53:00','COMPLETED',1,0,0,0,0,0,0,0,'COMPLETED','','2022-01-10 14:53:00'),(59,109,'releasedShoesCrawlStep',34,'2022-01-10 14:55:50','2022-01-10 14:55:51','COMPLETED',107,1065,982,83,0,0,0,0,'COMPLETED','','2022-01-10 14:55:51'),(60,10,'jpaStep',34,'2022-01-10 14:55:51','2022-01-10 14:55:51','COMPLETED',8,75,75,0,0,0,0,0,'COMPLETED','','2022-01-10 14:55:51'),(61,3,'slackStep',34,'2022-01-10 14:55:51','2022-01-10 14:55:51','COMPLETED',1,0,0,0,0,0,0,0,'COMPLETED','','2022-01-10 14:55:51'),(62,109,'releasedShoesCrawlStep',35,'2022-01-10 15:09:45','2022-01-10 15:09:46','COMPLETED',107,1065,982,83,0,0,0,0,'COMPLETED','','2022-01-10 15:09:46'),(63,10,'jpaStep',35,'2022-01-10 15:09:46','2022-01-10 15:09:46','COMPLETED',8,75,75,0,0,0,0,0,'COMPLETED','','2022-01-10 15:09:46'),(64,3,'slackStep',35,'2022-01-10 15:09:46','2022-01-10 15:09:46','COMPLETED',1,0,0,0,0,0,0,0,'COMPLETED','','2022-01-10 15:09:46'),(65,109,'releasedShoesCrawlStep',36,'2022-01-10 15:11:48','2022-01-10 15:11:49','COMPLETED',107,1065,982,83,0,0,0,0,'COMPLETED','','2022-01-10 15:11:49'),(66,10,'jpaStep',36,'2022-01-10 15:11:49','2022-01-10 15:11:49','COMPLETED',8,75,75,0,0,0,0,0,'COMPLETED','','2022-01-10 15:11:49'),(67,3,'slackStep',36,'2022-01-10 15:11:49','2022-01-10 15:11:49','COMPLETED',1,0,0,0,0,0,0,0,'COMPLETED','','2022-01-10 15:11:49'),(68,109,'releasedShoesCrawlStep',37,'2022-01-10 15:12:49','2022-01-10 15:12:50','COMPLETED',107,1065,982,83,0,0,0,0,'COMPLETED','','2022-01-10 15:12:50'),(69,10,'jpaStep',37,'2022-01-10 15:12:50','2022-01-10 15:12:50','COMPLETED',8,75,75,0,0,0,0,0,'COMPLETED','','2022-01-10 15:12:50'),(70,3,'slackStep',37,'2022-01-10 15:12:50','2022-01-10 15:12:50','COMPLETED',1,0,0,0,0,0,0,0,'COMPLETED','','2022-01-10 15:12:50'),(71,109,'releasedShoesCrawlStep',38,'2022-01-10 15:19:04','2022-01-10 15:19:05','COMPLETED',107,1065,982,83,0,0,0,0,'COMPLETED','','2022-01-10 15:19:05'),(72,10,'jpaStep',38,'2022-01-10 15:19:05','2022-01-10 15:19:05','COMPLETED',8,75,75,0,0,0,0,0,'COMPLETED','','2022-01-10 15:19:05'),(73,3,'slackStep',38,'2022-01-10 15:19:05','2022-01-10 15:19:05','COMPLETED',1,0,0,0,0,0,0,0,'COMPLETED','','2022-01-10 15:19:05'),(74,109,'releasedShoesCrawlStep',39,'2022-01-10 15:21:14','2022-01-10 15:21:15','COMPLETED',107,1065,982,83,0,0,0,0,'COMPLETED','','2022-01-10 15:21:15'),(75,10,'jpaStep',39,'2022-01-10 15:21:15','2022-01-10 15:21:15','COMPLETED',8,75,75,0,0,0,0,0,'COMPLETED','','2022-01-10 15:21:15'),(76,3,'slackStep',39,'2022-01-10 15:21:15','2022-01-10 15:21:15','COMPLETED',1,0,0,0,0,0,0,0,'COMPLETED','','2022-01-10 15:21:15'),(77,109,'releasedShoesCrawlStep',40,'2022-01-10 15:22:21','2022-01-10 15:22:21','COMPLETED',107,1065,982,83,0,0,0,0,'COMPLETED','','2022-01-10 15:22:21'),(78,10,'jpaStep',40,'2022-01-10 15:22:21','2022-01-10 15:22:21','COMPLETED',8,75,75,0,0,0,0,0,'COMPLETED','','2022-01-10 15:22:21'),(79,3,'slackStep',40,'2022-01-10 15:22:21','2022-01-10 15:22:21','COMPLETED',1,0,0,0,0,0,0,0,'COMPLETED','','2022-01-10 15:22:21'),(80,109,'releasedShoesCrawlStep',41,'2022-01-10 15:45:19','2022-01-10 15:45:20','COMPLETED',107,1065,982,83,0,0,0,0,'COMPLETED','','2022-01-10 15:45:20'),(81,10,'jpaStep',41,'2022-01-10 15:45:20','2022-01-10 15:45:20','COMPLETED',8,75,75,0,0,0,0,0,'COMPLETED','','2022-01-10 15:45:20'),(82,3,'slackStep',41,'2022-01-10 15:45:20','2022-01-10 15:45:20','COMPLETED',1,0,0,0,0,0,0,0,'COMPLETED','','2022-01-10 15:45:20'),(83,109,'releasedShoesCrawlStep',42,'2022-01-10 15:48:02','2022-01-10 15:48:02','COMPLETED',107,1065,982,83,0,0,0,0,'COMPLETED','','2022-01-10 15:48:02'),(84,10,'jpaStep',42,'2022-01-10 15:48:02','2022-01-10 15:48:02','COMPLETED',8,75,75,0,0,0,0,0,'COMPLETED','','2022-01-10 15:48:02'),(85,3,'slackStep',42,'2022-01-10 15:48:02','2022-01-10 15:48:02','COMPLETED',1,0,0,0,0,0,0,0,'COMPLETED','','2022-01-10 15:48:02'),(86,109,'releasedShoesCrawlStep',43,'2022-01-10 15:49:36','2022-01-10 15:49:37','COMPLETED',107,1065,982,83,0,0,0,0,'COMPLETED','','2022-01-10 15:49:37'),(87,10,'jpaStep',43,'2022-01-10 15:49:37','2022-01-10 15:49:37','COMPLETED',8,75,75,0,0,0,0,0,'COMPLETED','','2022-01-10 15:49:37'),(88,3,'slackStep',43,'2022-01-10 15:49:37','2022-01-10 15:49:37','COMPLETED',1,0,0,0,0,0,0,0,'COMPLETED','','2022-01-10 15:49:37'),(89,109,'releasedShoesCrawlStep',44,'2022-01-10 15:50:57','2022-01-10 15:50:58','COMPLETED',107,1065,982,83,0,0,0,0,'COMPLETED','','2022-01-10 15:50:58'),(90,10,'jpaStep',44,'2022-01-10 15:50:58','2022-01-10 15:50:58','COMPLETED',8,75,75,0,0,0,0,0,'COMPLETED','','2022-01-10 15:50:58'),(91,3,'slackStep',44,'2022-01-10 15:50:58','2022-01-10 15:50:58','COMPLETED',1,0,0,0,0,0,0,0,'COMPLETED','','2022-01-10 15:50:58'),(92,109,'releasedShoesCrawlStep',45,'2022-01-10 15:54:45','2022-01-10 15:54:45','COMPLETED',107,1065,982,83,0,0,0,0,'COMPLETED','','2022-01-10 15:54:45'),(93,10,'jpaStep',45,'2022-01-10 15:54:45','2022-01-10 15:55:47','COMPLETED',8,75,75,0,0,0,0,0,'COMPLETED','','2022-01-10 15:55:47'),(94,3,'slackStep',45,'2022-01-10 15:55:47','2022-01-10 15:55:47','COMPLETED',1,0,0,0,0,0,0,0,'COMPLETED','','2022-01-10 15:55:47'),(95,109,'releasedShoesCrawlStep',46,'2022-01-10 15:57:00','2022-01-10 15:57:00','COMPLETED',107,1065,982,83,0,0,0,0,'COMPLETED','','2022-01-10 15:57:00'),(96,10,'jpaStep',46,'2022-01-10 15:57:00','2022-01-10 15:58:50','COMPLETED',8,75,75,0,0,0,0,0,'COMPLETED','','2022-01-10 15:58:50'),(97,3,'slackStep',46,'2022-01-10 15:58:50','2022-01-10 15:58:50','COMPLETED',1,0,0,0,0,0,0,0,'COMPLETED','','2022-01-10 15:58:50'),(98,109,'releasedShoesCrawlStep',47,'2022-01-10 16:06:02','2022-01-10 16:06:02','COMPLETED',107,1065,982,83,0,0,0,0,'COMPLETED','','2022-01-10 16:06:02'),(99,10,'jpaStep',47,'2022-01-10 16:06:02','2022-01-10 16:06:02','COMPLETED',8,75,75,0,0,0,0,0,'COMPLETED','','2022-01-10 16:06:02'),(100,4,'slackStep',47,'2022-01-10 16:06:02',NULL,'STARTED',3,30,0,30,0,0,0,0,'EXECUTING','','2022-01-10 16:06:16'),(101,109,'releasedShoesCrawlStep',48,'2022-01-10 16:16:30','2022-01-10 16:16:31','COMPLETED',107,1065,982,83,0,0,0,0,'COMPLETED','','2022-01-10 16:16:31'),(102,10,'jpaStep',48,'2022-01-10 16:16:31','2022-01-10 16:16:31','COMPLETED',8,75,75,0,0,0,0,0,'COMPLETED','','2022-01-10 16:16:31'),(103,109,'releasedShoesCrawlStep',49,'2022-01-10 16:19:02','2022-01-10 16:19:02','COMPLETED',107,1065,982,83,0,0,0,0,'COMPLETED','','2022-01-10 16:19:02'),(104,10,'jpaStep',49,'2022-01-10 16:19:02','2022-01-10 16:19:02','COMPLETED',8,75,75,0,0,0,0,0,'COMPLETED','','2022-01-10 16:19:02'),(105,111,'releasedShoesCrawlStep',50,'2022-01-11 09:03:37','2022-01-11 09:03:37','COMPLETED',109,1080,996,84,0,0,0,0,'COMPLETED','','2022-01-11 09:03:37'),(106,10,'jpaStep',50,'2022-01-11 09:03:37','2022-01-11 09:03:40','COMPLETED',8,75,73,2,0,0,0,0,'COMPLETED','','2022-01-11 09:03:40'),(107,111,'releasedShoesCrawlStep',51,'2022-01-11 09:08:26','2022-01-11 09:08:26','COMPLETED',109,1080,996,84,0,0,0,0,'COMPLETED','','2022-01-11 09:08:26'),(108,10,'jpaStep',51,'2022-01-11 09:08:26','2022-01-11 09:08:28','COMPLETED',8,75,73,2,0,0,0,0,'COMPLETED','','2022-01-11 09:08:28'),(109,111,'releasedShoesCrawlStep',52,'2022-01-11 09:10:08','2022-01-11 09:10:08','COMPLETED',109,1080,996,84,0,0,0,0,'COMPLETED','','2022-01-11 09:10:08'),(110,10,'jpaStep',52,'2022-01-11 09:10:08','2022-01-11 09:11:12','COMPLETED',8,75,73,2,0,0,0,0,'COMPLETED','','2022-01-11 09:11:12'),(111,111,'releasedShoesCrawlStep',53,'2022-01-11 09:26:43','2022-01-11 09:26:44','COMPLETED',109,1080,996,84,0,0,0,0,'COMPLETED','','2022-01-11 09:26:44'),(112,10,'jpaStep',53,'2022-01-11 09:26:44','2022-01-11 09:26:44','COMPLETED',8,73,71,2,0,0,0,0,'COMPLETED','','2022-01-11 09:26:44'),(113,2,'slackStep',53,'2022-01-11 09:26:44',NULL,'STARTED',1,10,0,10,0,0,0,0,'EXECUTING','','2022-01-11 09:26:49'),(114,111,'releasedShoesCrawlStep',54,'2022-01-11 09:33:22','2022-01-11 09:33:22','COMPLETED',109,1083,998,85,0,0,0,0,'COMPLETED','','2022-01-11 09:33:22'),(115,10,'jpaStep',54,'2022-01-11 09:33:22','2022-01-11 09:33:22','COMPLETED',8,73,73,0,0,0,0,0,'COMPLETED','','2022-01-11 09:33:22'),(116,2,'slackStep',54,'2022-01-11 09:33:22',NULL,'STARTED',1,10,0,10,0,0,0,0,'EXECUTING','','2022-01-11 09:33:28'),(117,111,'releasedShoesCrawlStep',55,'2022-01-11 09:38:36','2022-01-11 09:38:36','COMPLETED',109,1083,998,85,0,0,0,0,'COMPLETED','','2022-01-11 09:38:36'),(118,10,'jpaStep',55,'2022-01-11 09:38:36','2022-01-11 09:38:36','COMPLETED',8,74,74,0,0,0,0,0,'COMPLETED','','2022-01-11 09:38:36'),(119,3,'slackStep',55,'2022-01-11 09:38:36','2022-01-11 09:38:37','COMPLETED',1,0,0,0,0,0,0,0,'COMPLETED','','2022-01-11 09:38:37'),(120,111,'releasedShoesCrawlStep',56,'2022-01-11 09:40:10','2022-01-11 09:40:10','COMPLETED',109,1083,998,85,0,0,0,0,'COMPLETED','','2022-01-11 09:40:10'),(121,10,'jpaStep',56,'2022-01-11 09:40:10','2022-01-11 09:40:10','COMPLETED',8,71,71,0,0,0,0,0,'COMPLETED','','2022-01-11 09:40:10'),(122,3,'slackStep',56,'2022-01-11 09:40:10','2022-01-11 09:40:10','COMPLETED',1,0,0,0,0,0,0,0,'COMPLETED','','2022-01-11 09:40:10'),(123,111,'releasedShoesCrawlStep',57,'2022-01-11 09:42:40','2022-01-11 09:42:41','COMPLETED',109,1083,998,85,0,0,0,0,'COMPLETED','','2022-01-11 09:42:41'),(124,10,'jpaStep',57,'2022-01-11 09:42:41','2022-01-11 09:42:41','COMPLETED',8,71,71,0,0,0,0,0,'COMPLETED','','2022-01-11 09:42:41'),(125,3,'slackStep',57,'2022-01-11 09:42:41','2022-01-11 09:42:41','COMPLETED',1,0,0,0,0,0,0,0,'COMPLETED','','2022-01-11 09:42:41'),(126,111,'releasedShoesCrawlStep',58,'2022-01-11 09:47:23','2022-01-11 09:47:24','COMPLETED',109,1083,998,85,0,0,0,0,'COMPLETED','','2022-01-11 09:47:24'),(127,10,'jpaStep',58,'2022-01-11 09:47:24','2022-01-11 09:47:24','COMPLETED',8,71,71,0,0,0,0,0,'COMPLETED','','2022-01-11 09:47:24'),(128,3,'slackStep',58,'2022-01-11 09:47:24','2022-01-11 09:47:24','COMPLETED',1,0,0,0,0,0,0,0,'COMPLETED','','2022-01-11 09:47:24'),(129,111,'releasedShoesCrawlStep',59,'2022-01-11 10:05:15','2022-01-11 10:05:15','COMPLETED',109,1084,998,86,0,0,0,0,'COMPLETED','','2022-01-11 10:05:15'),(130,10,'jpaStep',59,'2022-01-11 10:05:15','2022-01-11 10:05:54','COMPLETED',8,71,71,0,0,0,0,0,'COMPLETED','','2022-01-11 10:05:54'),(131,3,'slackStep',59,'2022-01-11 10:05:54','2022-01-11 10:05:54','COMPLETED',1,0,0,0,0,0,0,0,'COMPLETED','','2022-01-11 10:05:54'),(132,111,'releasedShoesCrawlStep',60,'2022-01-11 10:12:00','2022-01-11 10:12:00','COMPLETED',109,1084,998,86,0,0,0,0,'COMPLETED','','2022-01-11 10:12:00'),(133,10,'jpaStep',60,'2022-01-11 10:12:00','2022-01-11 10:12:00','COMPLETED',8,71,71,0,0,0,0,0,'COMPLETED','','2022-01-11 10:12:00'),(134,4,'slackStep',60,'2022-01-11 10:12:00','2022-01-11 10:12:09','COMPLETED',2,15,0,15,0,0,0,0,'COMPLETED','','2022-01-11 10:12:09'),(135,111,'releasedShoesCrawlStep',61,'2022-01-11 10:15:47','2022-01-11 10:15:48','COMPLETED',109,1084,998,86,0,0,0,0,'COMPLETED','','2022-01-11 10:15:48'),(136,11,'jpaStep',61,'2022-01-11 10:15:48','2022-01-11 10:15:48','COMPLETED',9,85,85,0,0,0,0,0,'COMPLETED','','2022-01-11 10:15:48'),(137,3,'slackStep',61,'2022-01-11 10:15:48','2022-01-11 10:15:49','COMPLETED',1,1,0,1,0,0,0,0,'COMPLETED','','2022-01-11 10:15:49'),(138,4,'itemProcessorStep',62,'2022-01-11 12:29:02','2022-01-11 12:29:02','COMPLETED',2,10,5,5,0,0,0,0,'COMPLETED','','2022-01-11 12:29:02'),(139,107,'releasedShoesCrawlStep',63,'2022-01-11 12:32:01','2022-01-11 12:32:02','COMPLETED',105,1046,962,84,0,0,0,0,'COMPLETED','','2022-01-11 12:32:02'),(140,11,'updateDatabaseStep',63,'2022-01-11 12:32:02','2022-01-11 12:32:02','COMPLETED',9,84,82,2,0,0,0,0,'COMPLETED','','2022-01-11 12:32:02'),(141,3,'newReleasedItemStep',63,'2022-01-11 12:32:02','2022-01-11 12:32:05','COMPLETED',1,2,0,2,0,0,0,0,'COMPLETED','','2022-01-11 12:32:05'),(142,15,'releasedShoesCrawlStep',64,'2022-01-12 14:00:34','2022-01-12 14:00:35','COMPLETED',13,1270,1142,128,0,0,0,0,'COMPLETED','','2022-01-12 14:00:35'),(143,3,'updateDatabaseStep',64,'2022-01-12 14:00:35','2022-01-12 14:00:35','COMPLETED',1,84,78,6,0,0,0,0,'COMPLETED','','2022-01-12 14:00:35'),(144,3,'newReleasedItemStep',64,'2022-01-12 14:00:35','2022-01-12 14:00:58','COMPLETED',1,50,0,50,0,0,0,0,'COMPLETED','','2022-01-12 14:00:58');
/*!40000 ALTER TABLE `BATCH_STEP_EXECUTION` ENABLE KEYS */;
UNLOCK TABLES;

--
-- Table structure for table `BATCH_STEP_EXECUTION_CONTEXT`
--

DROP TABLE IF EXISTS `BATCH_STEP_EXECUTION_CONTEXT`;
/*!40101 SET @saved_cs_client     = @@character_set_client */;
/*!50503 SET character_set_client = utf8mb4 */;
CREATE TABLE `BATCH_STEP_EXECUTION_CONTEXT` (
  `STEP_EXECUTION_ID` bigint NOT NULL,
  `SHORT_CONTEXT` varchar(2500) NOT NULL,
  `SERIALIZED_CONTEXT` text,
  PRIMARY KEY (`STEP_EXECUTION_ID`),
  CONSTRAINT `STEP_EXEC_CTX_FK` FOREIGN KEY (`STEP_EXECUTION_ID`) REFERENCES `BATCH_STEP_EXECUTION` (`STEP_EXECUTION_ID`)
) ENGINE=InnoDB DEFAULT CHARSET=utf8mb4 COLLATE=utf8mb4_0900_ai_ci;
/*!40101 SET character_set_client = @saved_cs_client */;

--
-- Dumping data for table `BATCH_STEP_EXECUTION_CONTEXT`
--

LOCK TABLES `BATCH_STEP_EXECUTION_CONTEXT` WRITE;
/*!40000 ALTER TABLE `BATCH_STEP_EXECUTION_CONTEXT` DISABLE KEYS */;
INSERT INTO `BATCH_STEP_EXECUTION_CONTEXT` VALUES (1,'{\"batch.taskletType\":\"fastcampus.spring.batch.part1.HelloConfiguration$$Lambda$431/0x000000080053fc40\",\"batch.stepType\":\"org.springframework.batch.core.step.tasklet.TaskletStep\"}',NULL),(2,'{\"batch.taskletType\":\"fastcampus.spring.batch.part1.HelloConfiguration$$Lambda$442/0x0000000800505440\",\"batch.stepType\":\"org.springframework.batch.core.step.tasklet.TaskletStep\"}',NULL),(3,'{\"batch.taskletType\":\"fastcampus.spring.batch.part1.HelloConfiguration$$Lambda$442/0x0000000800505440\",\"batch.stepType\":\"org.springframework.batch.core.step.tasklet.TaskletStep\"}',NULL),(4,'{\"batch.taskletType\":\"fastcampus.spring.batch.part1.HelloConfiguration$$Lambda$442/0x0000000800505440\",\"batch.stepType\":\"org.springframework.batch.core.step.tasklet.TaskletStep\"}',NULL),(5,'{\"batch.taskletType\":\"fastcampus.spring.batch.part1.HelloConfiguration$$Lambda$442/0x00000008004f9c40\",\"batch.stepType\":\"org.springframework.batch.core.step.tasklet.TaskletStep\"}',NULL),(6,'{\"stepKey\":\"step execution context\",\"batch.taskletType\":\"fastcampus.spring.batch.part2.SharedConfiguration$$Lambda$443/0x00000008004f9040\",\"batch.stepType\":\"org.springframework.batch.core.step.tasklet.TaskletStep\"}',NULL),(7,'{\"batch.taskletType\":\"fastcampus.spring.batch.part2.SharedConfiguration$$Lambda$444/0x00000008004f9440\",\"batch.stepType\":\"org.springframework.batch.core.step.tasklet.TaskletStep\"}',NULL),(8,'{\"batch.taskletType\":\"fastcampus.spring.batch.part1.HelloConfiguration$$Lambda$442/0x00000008004f9040\",\"batch.stepType\":\"org.springframework.batch.core.step.tasklet.TaskletStep\"}',NULL),(9,'{\"stepKey\":\"step execution context\",\"batch.taskletType\":\"fastcampus.spring.batch.part2.SharedConfiguration$$Lambda$443/0x00000008004f8c40\",\"batch.stepType\":\"org.springframework.batch.core.step.tasklet.TaskletStep\"}',NULL),(10,'{\"batch.taskletType\":\"fastcampus.spring.batch.part2.SharedConfiguration$$Lambda$444/0x0000000800570040\",\"batch.stepType\":\"org.springframework.batch.core.step.tasklet.TaskletStep\"}',NULL),(11,'{\"batch.taskletType\":\"fastcampus.spring.batch.part3.ChunkProcessingConfiguration$$Lambda$445/0x0000000800570440\",\"batch.stepType\":\"org.springframework.batch.core.step.tasklet.TaskletStep\"}',NULL),(12,'{\"batch.taskletType\":\"fastcampus.spring.batch.part1.HelloConfiguration$$Lambda$442/0x0000000800504c40\",\"batch.stepType\":\"org.springframework.batch.core.step.tasklet.TaskletStep\"}',NULL),(13,'{\"stepKey\":\"step execution context\",\"batch.taskletType\":\"fastcampus.spring.batch.part2.SharedConfiguration$$Lambda$443/0x0000000800570040\",\"batch.stepType\":\"org.springframework.batch.core.step.tasklet.TaskletStep\"}',NULL),(14,'{\"batch.taskletType\":\"fastcampus.spring.batch.part2.SharedConfiguration$$Lambda$444/0x0000000800570440\",\"batch.stepType\":\"org.springframework.batch.core.step.tasklet.TaskletStep\"}',NULL),(15,'{\"batch.taskletType\":\"fastcampus.spring.batch.part3.ChunkProcessingConfiguration$$Lambda$445/0x0000000800570840\",\"batch.stepType\":\"org.springframework.batch.core.step.tasklet.TaskletStep\"}',NULL),(16,'{\"batch.taskletType\":\"org.springframework.batch.core.step.item.ChunkOrientedTasklet\",\"batch.stepType\":\"org.springframework.batch.core.step.tasklet.TaskletStep\"}',NULL),(17,'{\"batch.taskletType\":\"fastcampus.spring.batch.part1.HelloConfiguration$$Lambda$442/0x00000008004f9440\",\"batch.stepType\":\"org.springframework.batch.core.step.tasklet.TaskletStep\"}',NULL),(18,'{\"stepKey\":\"step execution context\",\"batch.taskletType\":\"fastcampus.spring.batch.part2.SharedConfiguration$$Lambda$443/0x0000000800570040\",\"batch.stepType\":\"org.springframework.batch.core.step.tasklet.TaskletStep\"}',NULL),(19,'{\"batch.taskletType\":\"fastcampus.spring.batch.part2.SharedConfiguration$$Lambda$444/0x0000000800570440\",\"batch.stepType\":\"org.springframework.batch.core.step.tasklet.TaskletStep\"}',NULL),(20,'{\"batch.taskletType\":\"fastcampus.spring.batch.part3.ChunkProcessingConfiguration$$Lambda$445/0x0000000800570840\",\"batch.stepType\":\"org.springframework.batch.core.step.tasklet.TaskletStep\"}',NULL),(21,'{\"batch.taskletType\":\"org.springframework.batch.core.step.item.ChunkOrientedTasklet\",\"batch.stepType\":\"org.springframework.batch.core.step.tasklet.TaskletStep\"}',NULL),(22,'{\"batch.taskletType\":\"fastcampus.spring.batch.part1.HelloConfiguration$$Lambda$442/0x00000008004f9c40\",\"batch.stepType\":\"org.springframework.batch.core.step.tasklet.TaskletStep\"}',NULL),(23,'{\"stepKey\":\"step execution context\",\"batch.taskletType\":\"fastcampus.spring.batch.part2.SharedConfiguration$$Lambda$443/0x0000000800570040\",\"batch.stepType\":\"org.springframework.batch.core.step.tasklet.TaskletStep\"}',NULL),(24,'{\"batch.taskletType\":\"fastcampus.spring.batch.part2.SharedConfiguration$$Lambda$444/0x0000000800570440\",\"batch.stepType\":\"org.springframework.batch.core.step.tasklet.TaskletStep\"}',NULL),(25,'{\"batch.taskletType\":\"fastcampus.spring.batch.part3.ChunkProcessingConfiguration$$Lambda$445/0x0000000800570840\",\"batch.stepType\":\"org.springframework.batch.core.step.tasklet.TaskletStep\"}',NULL),(26,'{\"batch.taskletType\":\"org.springframework.batch.core.step.item.ChunkOrientedTasklet\",\"batch.stepType\":\"org.springframework.batch.core.step.tasklet.TaskletStep\"}',NULL),(27,'{\"batch.taskletType\":\"org.springframework.batch.core.step.item.ChunkOrientedTasklet\",\"batch.stepType\":\"org.springframework.batch.core.step.tasklet.TaskletStep\"}',NULL),(28,'{\"batch.taskletType\":\"org.springframework.batch.core.step.item.ChunkOrientedTasklet\",\"batch.stepType\":\"org.springframework.batch.core.step.tasklet.TaskletStep\"}',NULL),(29,'{\"batch.taskletType\":\"org.springframework.batch.core.step.item.ChunkOrientedTasklet\",\"batch.stepType\":\"org.springframework.batch.core.step.tasklet.TaskletStep\"}',NULL),(30,'{\"batch.taskletType\":\"org.springframework.batch.core.step.item.ChunkOrientedTasklet\",\"batch.stepType\":\"org.springframework.batch.core.step.tasklet.TaskletStep\"}',NULL),(31,'{\"batch.taskletType\":\"org.springframework.batch.core.step.item.ChunkOrientedTasklet\",\"batch.stepType\":\"org.springframework.batch.core.step.tasklet.TaskletStep\"}',NULL),(32,'{\"batch.taskletType\":\"org.springframework.batch.core.step.item.ChunkOrientedTasklet\",\"batch.stepType\":\"org.springframework.batch.core.step.tasklet.TaskletStep\"}',NULL),(33,'{\"productReader.read.count\":1,\"batch.taskletType\":\"org.springframework.batch.core.step.item.ChunkOrientedTasklet\",\"batch.stepType\":\"org.springframework.batch.core.step.tasklet.TaskletStep\"}',NULL),(34,'{\"batch.taskletType\":\"org.springframework.batch.core.step.item.ChunkOrientedTasklet\",\"batch.stepType\":\"org.springframework.batch.core.step.tasklet.TaskletStep\"}',NULL),(35,'{\"batch.taskletType\":\"org.springframework.batch.core.step.item.ChunkOrientedTasklet\",\"batch.stepType\":\"org.springframework.batch.core.step.tasklet.TaskletStep\"}',NULL),(36,'{\"productReader.read.count\":1,\"batch.taskletType\":\"org.springframework.batch.core.step.item.ChunkOrientedTasklet\",\"batch.stepType\":\"org.springframework.batch.core.step.tasklet.TaskletStep\"}',NULL),(37,'{\"batch.taskletType\":\"org.springframework.batch.core.step.item.ChunkOrientedTasklet\",\"batch.stepType\":\"org.springframework.batch.core.step.tasklet.TaskletStep\"}',NULL),(38,'{\"batch.taskletType\":\"org.springframework.batch.core.step.item.ChunkOrientedTasklet\",\"batch.stepType\":\"org.springframework.batch.core.step.tasklet.TaskletStep\"}',NULL),(39,'{\"productReader.read.count\":1,\"batch.taskletType\":\"org.springframework.batch.core.step.item.ChunkOrientedTasklet\",\"batch.stepType\":\"org.springframework.batch.core.step.tasklet.TaskletStep\"}',NULL),(40,'{\"batch.taskletType\":\"org.springframework.batch.core.step.item.ChunkOrientedTasklet\",\"batch.stepType\":\"org.springframework.batch.core.step.tasklet.TaskletStep\"}',NULL),(41,'{\"productReader.read.count\":1,\"batch.taskletType\":\"org.springframework.batch.core.step.item.ChunkOrientedTasklet\",\"batch.stepType\":\"org.springframework.batch.core.step.tasklet.TaskletStep\"}',NULL),(42,'{\"batch.taskletType\":\"org.springframework.batch.core.step.item.ChunkOrientedTasklet\",\"batch.stepType\":\"org.springframework.batch.core.step.tasklet.TaskletStep\"}',NULL),(43,'{\"productReader.read.count\":84,\"batch.taskletType\":\"org.springframework.batch.core.step.item.ChunkOrientedTasklet\",\"batch.stepType\":\"org.springframework.batch.core.step.tasklet.TaskletStep\"}',NULL),(44,'{\"batch.taskletType\":\"org.springframework.batch.core.step.item.ChunkOrientedTasklet\",\"batch.stepType\":\"org.springframework.batch.core.step.tasklet.TaskletStep\"}',NULL),(45,'{\"productReader.read.count\":84,\"batch.taskletType\":\"org.springframework.batch.core.step.item.ChunkOrientedTasklet\",\"batch.stepType\":\"org.springframework.batch.core.step.tasklet.TaskletStep\"}',NULL),(46,'{\"batch.taskletType\":\"org.springframework.batch.core.step.item.ChunkOrientedTasklet\",\"batch.stepType\":\"org.springframework.batch.core.step.tasklet.TaskletStep\"}',NULL),(47,'{\"batch.taskletType\":\"org.springframework.batch.core.step.item.ChunkOrientedTasklet\",\"batch.stepType\":\"org.springframework.batch.core.step.tasklet.TaskletStep\"}',NULL),(48,'{\"productReader.read.count\":84,\"batch.taskletType\":\"org.springframework.batch.core.step.item.ChunkOrientedTasklet\",\"batch.stepType\":\"org.springframework.batch.core.step.tasklet.TaskletStep\"}',NULL),(49,'{\"batch.taskletType\":\"org.springframework.batch.core.step.item.ChunkOrientedTasklet\",\"batch.stepType\":\"org.springframework.batch.core.step.tasklet.TaskletStep\"}',NULL),(50,'{\"batch.taskletType\":\"org.springframework.batch.core.step.item.ChunkOrientedTasklet\",\"batch.stepType\":\"org.springframework.batch.core.step.tasklet.TaskletStep\"}',NULL),(51,'{\"productReader.read.count\":76,\"batch.taskletType\":\"org.springframework.batch.core.step.item.ChunkOrientedTasklet\",\"batch.stepType\":\"org.springframework.batch.core.step.tasklet.TaskletStep\"}',NULL),(52,'{\"batch.taskletType\":\"org.springframework.batch.core.step.item.ChunkOrientedTasklet\",\"batch.stepType\":\"org.springframework.batch.core.step.tasklet.TaskletStep\"}',NULL),(53,'{\"batch.taskletType\":\"org.springframework.batch.core.step.item.ChunkOrientedTasklet\",\"batch.stepType\":\"org.springframework.batch.core.step.tasklet.TaskletStep\"}',NULL),(54,'{\"productReader.read.count\":76,\"batch.taskletType\":\"org.springframework.batch.core.step.item.ChunkOrientedTasklet\",\"batch.stepType\":\"org.springframework.batch.core.step.tasklet.TaskletStep\"}',NULL),(55,'{\"batch.taskletType\":\"org.springframework.batch.core.step.item.ChunkOrientedTasklet\",\"batch.stepType\":\"org.springframework.batch.core.step.tasklet.TaskletStep\"}',NULL),(56,'{\"batch.taskletType\":\"org.springframework.batch.core.step.item.ChunkOrientedTasklet\",\"batch.stepType\":\"org.springframework.batch.core.step.tasklet.TaskletStep\"}',NULL),(57,'{\"productReader.read.count\":76,\"batch.taskletType\":\"org.springframework.batch.core.step.item.ChunkOrientedTasklet\",\"batch.stepType\":\"org.springframework.batch.core.step.tasklet.TaskletStep\"}',NULL),(58,'{\"batch.taskletType\":\"org.springframework.batch.core.step.item.ChunkOrientedTasklet\",\"batch.stepType\":\"org.springframework.batch.core.step.tasklet.TaskletStep\"}',NULL),(59,'{\"batch.taskletType\":\"org.springframework.batch.core.step.item.ChunkOrientedTasklet\",\"batch.stepType\":\"org.springframework.batch.core.step.tasklet.TaskletStep\"}',NULL),(60,'{\"productReader.read.count\":76,\"batch.taskletType\":\"org.springframework.batch.core.step.item.ChunkOrientedTasklet\",\"batch.stepType\":\"org.springframework.batch.core.step.tasklet.TaskletStep\"}',NULL),(61,'{\"batch.taskletType\":\"org.springframework.batch.core.step.item.ChunkOrientedTasklet\",\"batch.stepType\":\"org.springframework.batch.core.step.tasklet.TaskletStep\"}',NULL),(62,'{\"batch.taskletType\":\"org.springframework.batch.core.step.item.ChunkOrientedTasklet\",\"batch.stepType\":\"org.springframework.batch.core.step.tasklet.TaskletStep\"}',NULL),(63,'{\"productReader.read.count\":76,\"batch.taskletType\":\"org.springframework.batch.core.step.item.ChunkOrientedTasklet\",\"batch.stepType\":\"org.springframework.batch.core.step.tasklet.TaskletStep\"}',NULL),(64,'{\"batch.taskletType\":\"org.springframework.batch.core.step.item.ChunkOrientedTasklet\",\"batch.stepType\":\"org.springframework.batch.core.step.tasklet.TaskletStep\"}',NULL),(65,'{\"batch.taskletType\":\"org.springframework.batch.core.step.item.ChunkOrientedTasklet\",\"batch.stepType\":\"org.springframework.batch.core.step.tasklet.TaskletStep\"}',NULL),(66,'{\"productReader.read.count\":76,\"batch.taskletType\":\"org.springframework.batch.core.step.item.ChunkOrientedTasklet\",\"batch.stepType\":\"org.springframework.batch.core.step.tasklet.TaskletStep\"}',NULL),(67,'{\"batch.taskletType\":\"org.springframework.batch.core.step.item.ChunkOrientedTasklet\",\"batch.stepType\":\"org.springframework.batch.core.step.tasklet.TaskletStep\"}',NULL),(68,'{\"batch.taskletType\":\"org.springframework.batch.core.step.item.ChunkOrientedTasklet\",\"batch.stepType\":\"org.springframework.batch.core.step.tasklet.TaskletStep\"}',NULL),(69,'{\"productReader.read.count\":76,\"batch.taskletType\":\"org.springframework.batch.core.step.item.ChunkOrientedTasklet\",\"batch.stepType\":\"org.springframework.batch.core.step.tasklet.TaskletStep\"}',NULL),(70,'{\"batch.taskletType\":\"org.springframework.batch.core.step.item.ChunkOrientedTasklet\",\"batch.stepType\":\"org.springframework.batch.core.step.tasklet.TaskletStep\"}',NULL),(71,'{\"batch.taskletType\":\"org.springframework.batch.core.step.item.ChunkOrientedTasklet\",\"batch.stepType\":\"org.springframework.batch.core.step.tasklet.TaskletStep\"}',NULL),(72,'{\"productReader.read.count\":76,\"batch.taskletType\":\"org.springframework.batch.core.step.item.ChunkOrientedTasklet\",\"batch.stepType\":\"org.springframework.batch.core.step.tasklet.TaskletStep\"}',NULL),(73,'{\"batch.taskletType\":\"org.springframework.batch.core.step.item.ChunkOrientedTasklet\",\"batch.stepType\":\"org.springframework.batch.core.step.tasklet.TaskletStep\"}',NULL),(74,'{\"batch.taskletType\":\"org.springframework.batch.core.step.item.ChunkOrientedTasklet\",\"batch.stepType\":\"org.springframework.batch.core.step.tasklet.TaskletStep\"}',NULL),(75,'{\"productReader.read.count\":76,\"batch.taskletType\":\"org.springframework.batch.core.step.item.ChunkOrientedTasklet\",\"batch.stepType\":\"org.springframework.batch.core.step.tasklet.TaskletStep\"}',NULL),(76,'{\"batch.taskletType\":\"org.springframework.batch.core.step.item.ChunkOrientedTasklet\",\"batch.stepType\":\"org.springframework.batch.core.step.tasklet.TaskletStep\"}',NULL),(77,'{\"batch.taskletType\":\"org.springframework.batch.core.step.item.ChunkOrientedTasklet\",\"batch.stepType\":\"org.springframework.batch.core.step.tasklet.TaskletStep\"}',NULL),(78,'{\"productReader.read.count\":76,\"batch.taskletType\":\"org.springframework.batch.core.step.item.ChunkOrientedTasklet\",\"batch.stepType\":\"org.springframework.batch.core.step.tasklet.TaskletStep\"}',NULL),(79,'{\"batch.taskletType\":\"org.springframework.batch.core.step.item.ChunkOrientedTasklet\",\"batch.stepType\":\"org.springframework.batch.core.step.tasklet.TaskletStep\"}',NULL),(80,'{\"batch.taskletType\":\"org.springframework.batch.core.step.item.ChunkOrientedTasklet\",\"batch.stepType\":\"org.springframework.batch.core.step.tasklet.TaskletStep\"}',NULL),(81,'{\"productReader.read.count\":76,\"batch.taskletType\":\"org.springframework.batch.core.step.item.ChunkOrientedTasklet\",\"batch.stepType\":\"org.springframework.batch.core.step.tasklet.TaskletStep\"}',NULL),(82,'{\"batch.taskletType\":\"org.springframework.batch.core.step.item.ChunkOrientedTasklet\",\"batch.stepType\":\"org.springframework.batch.core.step.tasklet.TaskletStep\"}',NULL),(83,'{\"batch.taskletType\":\"org.springframework.batch.core.step.item.ChunkOrientedTasklet\",\"batch.stepType\":\"org.springframework.batch.core.step.tasklet.TaskletStep\"}',NULL),(84,'{\"productReader.read.count\":76,\"batch.taskletType\":\"org.springframework.batch.core.step.item.ChunkOrientedTasklet\",\"batch.stepType\":\"org.springframework.batch.core.step.tasklet.TaskletStep\"}',NULL),(85,'{\"batch.taskletType\":\"org.springframework.batch.core.step.item.ChunkOrientedTasklet\",\"batch.stepType\":\"org.springframework.batch.core.step.tasklet.TaskletStep\"}',NULL),(86,'{\"batch.taskletType\":\"org.springframework.batch.core.step.item.ChunkOrientedTasklet\",\"batch.stepType\":\"org.springframework.batch.core.step.tasklet.TaskletStep\"}',NULL),(87,'{\"productReader.read.count\":76,\"batch.taskletType\":\"org.springframework.batch.core.step.item.ChunkOrientedTasklet\",\"batch.stepType\":\"org.springframework.batch.core.step.tasklet.TaskletStep\"}',NULL),(88,'{\"batch.taskletType\":\"org.springframework.batch.core.step.item.ChunkOrientedTasklet\",\"batch.stepType\":\"org.springframework.batch.core.step.tasklet.TaskletStep\"}',NULL),(89,'{\"batch.taskletType\":\"org.springframework.batch.core.step.item.ChunkOrientedTasklet\",\"batch.stepType\":\"org.springframework.batch.core.step.tasklet.TaskletStep\"}',NULL),(90,'{\"productReader.read.count\":76,\"batch.taskletType\":\"org.springframework.batch.core.step.item.ChunkOrientedTasklet\",\"batch.stepType\":\"org.springframework.batch.core.step.tasklet.TaskletStep\"}',NULL),(91,'{\"batch.taskletType\":\"org.springframework.batch.core.step.item.ChunkOrientedTasklet\",\"batch.stepType\":\"org.springframework.batch.core.step.tasklet.TaskletStep\"}',NULL),(92,'{\"batch.taskletType\":\"org.springframework.batch.core.step.item.ChunkOrientedTasklet\",\"batch.stepType\":\"org.springframework.batch.core.step.tasklet.TaskletStep\"}',NULL),(93,'{\"productReader.read.count\":76,\"batch.taskletType\":\"org.springframework.batch.core.step.item.ChunkOrientedTasklet\",\"batch.stepType\":\"org.springframework.batch.core.step.tasklet.TaskletStep\"}',NULL),(94,'{\"batch.taskletType\":\"org.springframework.batch.core.step.item.ChunkOrientedTasklet\",\"batch.stepType\":\"org.springframework.batch.core.step.tasklet.TaskletStep\"}',NULL),(95,'{\"batch.taskletType\":\"org.springframework.batch.core.step.item.ChunkOrientedTasklet\",\"batch.stepType\":\"org.springframework.batch.core.step.tasklet.TaskletStep\"}',NULL),(96,'{\"productReader.read.count\":76,\"batch.taskletType\":\"org.springframework.batch.core.step.item.ChunkOrientedTasklet\",\"batch.stepType\":\"org.springframework.batch.core.step.tasklet.TaskletStep\"}',NULL),(97,'{\"batch.taskletType\":\"org.springframework.batch.core.step.item.ChunkOrientedTasklet\",\"batch.stepType\":\"org.springframework.batch.core.step.tasklet.TaskletStep\"}',NULL),(98,'{\"batch.taskletType\":\"org.springframework.batch.core.step.item.ChunkOrientedTasklet\",\"batch.stepType\":\"org.springframework.batch.core.step.tasklet.TaskletStep\"}',NULL),(99,'{\"productReader.read.count\":76,\"batch.taskletType\":\"org.springframework.batch.core.step.item.ChunkOrientedTasklet\",\"batch.stepType\":\"org.springframework.batch.core.step.tasklet.TaskletStep\"}',NULL),(100,'{\"batch.taskletType\":\"org.springframework.batch.core.step.item.ChunkOrientedTasklet\",\"batch.stepType\":\"org.springframework.batch.core.step.tasklet.TaskletStep\"}',NULL),(101,'{\"batch.taskletType\":\"org.springframework.batch.core.step.item.ChunkOrientedTasklet\",\"batch.stepType\":\"org.springframework.batch.core.step.tasklet.TaskletStep\"}',NULL),(102,'{\"productReader.read.count\":76,\"batch.taskletType\":\"org.springframework.batch.core.step.item.ChunkOrientedTasklet\",\"batch.stepType\":\"org.springframework.batch.core.step.tasklet.TaskletStep\"}',NULL),(103,'{\"batch.taskletType\":\"org.springframework.batch.core.step.item.ChunkOrientedTasklet\",\"batch.stepType\":\"org.springframework.batch.core.step.tasklet.TaskletStep\"}',NULL),(104,'{\"productReader.read.count\":76,\"batch.taskletType\":\"org.springframework.batch.core.step.item.ChunkOrientedTasklet\",\"batch.stepType\":\"org.springframework.batch.core.step.tasklet.TaskletStep\"}',NULL),(105,'{\"batch.taskletType\":\"org.springframework.batch.core.step.item.ChunkOrientedTasklet\",\"batch.stepType\":\"org.springframework.batch.core.step.tasklet.TaskletStep\"}',NULL),(106,'{\"productReader.read.count\":76,\"batch.taskletType\":\"org.springframework.batch.core.step.item.ChunkOrientedTasklet\",\"batch.stepType\":\"org.springframework.batch.core.step.tasklet.TaskletStep\"}',NULL),(107,'{\"batch.taskletType\":\"org.springframework.batch.core.step.item.ChunkOrientedTasklet\",\"batch.stepType\":\"org.springframework.batch.core.step.tasklet.TaskletStep\"}',NULL),(108,'{\"productReader.read.count\":76,\"batch.taskletType\":\"org.springframework.batch.core.step.item.ChunkOrientedTasklet\",\"batch.stepType\":\"org.springframework.batch.core.step.tasklet.TaskletStep\"}',NULL),(109,'{\"batch.taskletType\":\"org.springframework.batch.core.step.item.ChunkOrientedTasklet\",\"batch.stepType\":\"org.springframework.batch.core.step.tasklet.TaskletStep\"}',NULL),(110,'{\"productReader.read.count\":76,\"batch.taskletType\":\"org.springframework.batch.core.step.item.ChunkOrientedTasklet\",\"batch.stepType\":\"org.springframework.batch.core.step.tasklet.TaskletStep\"}',NULL),(111,'{\"batch.taskletType\":\"org.springframework.batch.core.step.item.ChunkOrientedTasklet\",\"batch.stepType\":\"org.springframework.batch.core.step.tasklet.TaskletStep\"}',NULL),(112,'{\"productReader.read.count\":74,\"batch.taskletType\":\"org.springframework.batch.core.step.item.ChunkOrientedTasklet\",\"batch.stepType\":\"org.springframework.batch.core.step.tasklet.TaskletStep\"}',NULL),(113,'{\"batch.taskletType\":\"org.springframework.batch.core.step.item.ChunkOrientedTasklet\",\"batch.stepType\":\"org.springframework.batch.core.step.tasklet.TaskletStep\"}',NULL),(114,'{\"batch.taskletType\":\"org.springframework.batch.core.step.item.ChunkOrientedTasklet\",\"batch.stepType\":\"org.springframework.batch.core.step.tasklet.TaskletStep\"}',NULL),(115,'{\"productReader.read.count\":74,\"batch.taskletType\":\"org.springframework.batch.core.step.item.ChunkOrientedTasklet\",\"batch.stepType\":\"org.springframework.batch.core.step.tasklet.TaskletStep\"}',NULL),(116,'{\"batch.taskletType\":\"org.springframework.batch.core.step.item.ChunkOrientedTasklet\",\"batch.stepType\":\"org.springframework.batch.core.step.tasklet.TaskletStep\"}',NULL),(117,'{\"batch.taskletType\":\"org.springframework.batch.core.step.item.ChunkOrientedTasklet\",\"batch.stepType\":\"org.springframework.batch.core.step.tasklet.TaskletStep\"}',NULL),(118,'{\"productReader.read.count\":75,\"batch.taskletType\":\"org.springframework.batch.core.step.item.ChunkOrientedTasklet\",\"batch.stepType\":\"org.springframework.batch.core.step.tasklet.TaskletStep\"}',NULL),(119,'{\"batch.taskletType\":\"org.springframework.batch.core.step.item.ChunkOrientedTasklet\",\"batch.stepType\":\"org.springframework.batch.core.step.tasklet.TaskletStep\"}',NULL),(120,'{\"batch.taskletType\":\"org.springframework.batch.core.step.item.ChunkOrientedTasklet\",\"batch.stepType\":\"org.springframework.batch.core.step.tasklet.TaskletStep\"}',NULL),(121,'{\"productReader.read.count\":72,\"batch.taskletType\":\"org.springframework.batch.core.step.item.ChunkOrientedTasklet\",\"batch.stepType\":\"org.springframework.batch.core.step.tasklet.TaskletStep\"}',NULL),(122,'{\"batch.taskletType\":\"org.springframework.batch.core.step.item.ChunkOrientedTasklet\",\"batch.stepType\":\"org.springframework.batch.core.step.tasklet.TaskletStep\"}',NULL),(123,'{\"batch.taskletType\":\"org.springframework.batch.core.step.item.ChunkOrientedTasklet\",\"batch.stepType\":\"org.springframework.batch.core.step.tasklet.TaskletStep\"}',NULL),(124,'{\"productReader.read.count\":72,\"batch.taskletType\":\"org.springframework.batch.core.step.item.ChunkOrientedTasklet\",\"batch.stepType\":\"org.springframework.batch.core.step.tasklet.TaskletStep\"}',NULL),(125,'{\"batch.taskletType\":\"org.springframework.batch.core.step.item.ChunkOrientedTasklet\",\"batch.stepType\":\"org.springframework.batch.core.step.tasklet.TaskletStep\"}',NULL),(126,'{\"batch.taskletType\":\"org.springframework.batch.core.step.item.ChunkOrientedTasklet\",\"batch.stepType\":\"org.springframework.batch.core.step.tasklet.TaskletStep\"}',NULL),(127,'{\"productReader.read.count\":72,\"batch.taskletType\":\"org.springframework.batch.core.step.item.ChunkOrientedTasklet\",\"batch.stepType\":\"org.springframework.batch.core.step.tasklet.TaskletStep\"}',NULL),(128,'{\"batch.taskletType\":\"org.springframework.batch.core.step.item.ChunkOrientedTasklet\",\"batch.stepType\":\"org.springframework.batch.core.step.tasklet.TaskletStep\"}',NULL),(129,'{\"batch.taskletType\":\"org.springframework.batch.core.step.item.ChunkOrientedTasklet\",\"batch.stepType\":\"org.springframework.batch.core.step.tasklet.TaskletStep\"}',NULL),(130,'{\"productReader.read.count\":72,\"batch.taskletType\":\"org.springframework.batch.core.step.item.ChunkOrientedTasklet\",\"batch.stepType\":\"org.springframework.batch.core.step.tasklet.TaskletStep\"}',NULL),(131,'{\"batch.taskletType\":\"org.springframework.batch.core.step.item.ChunkOrientedTasklet\",\"batch.stepType\":\"org.springframework.batch.core.step.tasklet.TaskletStep\"}',NULL),(132,'{\"batch.taskletType\":\"org.springframework.batch.core.step.item.ChunkOrientedTasklet\",\"batch.stepType\":\"org.springframework.batch.core.step.tasklet.TaskletStep\"}',NULL),(133,'{\"productReader.read.count\":72,\"batch.taskletType\":\"org.springframework.batch.core.step.item.ChunkOrientedTasklet\",\"batch.stepType\":\"org.springframework.batch.core.step.tasklet.TaskletStep\"}',NULL),(134,'{\"batch.taskletType\":\"org.springframework.batch.core.step.item.ChunkOrientedTasklet\",\"batch.stepType\":\"org.springframework.batch.core.step.tasklet.TaskletStep\"}',NULL),(135,'{\"batch.taskletType\":\"org.springframework.batch.core.step.item.ChunkOrientedTasklet\",\"batch.stepType\":\"org.springframework.batch.core.step.tasklet.TaskletStep\"}',NULL),(136,'{\"productReader.read.count\":86,\"batch.taskletType\":\"org.springframework.batch.core.step.item.ChunkOrientedTasklet\",\"batch.stepType\":\"org.springframework.batch.core.step.tasklet.TaskletStep\"}',NULL),(137,'{\"batch.taskletType\":\"org.springframework.batch.core.step.item.ChunkOrientedTasklet\",\"batch.stepType\":\"org.springframework.batch.core.step.tasklet.TaskletStep\"}',NULL),(138,'{\"batch.taskletType\":\"org.springframework.batch.core.step.item.ChunkOrientedTasklet\",\"batch.stepType\":\"org.springframework.batch.core.step.tasklet.TaskletStep\"}',NULL),(139,'{\"batch.taskletType\":\"org.springframework.batch.core.step.item.ChunkOrientedTasklet\",\"batch.stepType\":\"org.springframework.batch.core.step.tasklet.TaskletStep\"}',NULL),(140,'{\"productReader.read.count\":85,\"batch.taskletType\":\"org.springframework.batch.core.step.item.ChunkOrientedTasklet\",\"batch.stepType\":\"org.springframework.batch.core.step.tasklet.TaskletStep\"}',NULL),(141,'{\"batch.taskletType\":\"org.springframework.batch.core.step.item.ChunkOrientedTasklet\",\"batch.stepType\":\"org.springframework.batch.core.step.tasklet.TaskletStep\"}',NULL),(142,'{\"batch.taskletType\":\"org.springframework.batch.core.step.item.ChunkOrientedTasklet\",\"batch.stepType\":\"org.springframework.batch.core.step.tasklet.TaskletStep\"}',NULL),(143,'{\"productReader.read.count\":85,\"batch.taskletType\":\"org.springframework.batch.core.step.item.ChunkOrientedTasklet\",\"batch.stepType\":\"org.springframework.batch.core.step.tasklet.TaskletStep\"}',NULL),(144,'{\"batch.taskletType\":\"org.springframework.batch.core.step.item.ChunkOrientedTasklet\",\"batch.stepType\":\"org.springframework.batch.core.step.tasklet.TaskletStep\"}',NULL);
/*!40000 ALTER TABLE `BATCH_STEP_EXECUTION_CONTEXT` ENABLE KEYS */;
UNLOCK TABLES;

--
-- Table structure for table `BATCH_STEP_EXECUTION_SEQ`
--

DROP TABLE IF EXISTS `BATCH_STEP_EXECUTION_SEQ`;
/*!40101 SET @saved_cs_client     = @@character_set_client */;
/*!50503 SET character_set_client = utf8mb4 */;
CREATE TABLE `BATCH_STEP_EXECUTION_SEQ` (
  `ID` bigint NOT NULL,
  `UNIQUE_KEY` char(1) NOT NULL,
  UNIQUE KEY `UNIQUE_KEY_UN` (`UNIQUE_KEY`)
) ENGINE=InnoDB DEFAULT CHARSET=utf8mb4 COLLATE=utf8mb4_0900_ai_ci;
/*!40101 SET character_set_client = @saved_cs_client */;

--
-- Dumping data for table `BATCH_STEP_EXECUTION_SEQ`
--

LOCK TABLES `BATCH_STEP_EXECUTION_SEQ` WRITE;
/*!40000 ALTER TABLE `BATCH_STEP_EXECUTION_SEQ` DISABLE KEYS */;
INSERT INTO `BATCH_STEP_EXECUTION_SEQ` VALUES (144,'0');
/*!40000 ALTER TABLE `BATCH_STEP_EXECUTION_SEQ` ENABLE KEYS */;
UNLOCK TABLES;

--
-- Table structure for table `product`
--

DROP TABLE IF EXISTS `product`;
/*!40101 SET @saved_cs_client     = @@character_set_client */;
/*!50503 SET character_set_client = utf8mb4 */;
CREATE TABLE `product` (
  `code` varchar(255) NOT NULL,
  `image_url` varchar(255) DEFAULT NULL,
  `link` varchar(255) DEFAULT NULL,
  `name` varchar(255) DEFAULT NULL,
  `price` varchar(255) DEFAULT NULL,
  PRIMARY KEY (`code`)
) ENGINE=InnoDB DEFAULT CHARSET=utf8mb4 COLLATE=utf8mb4_0900_ai_ci;
/*!40101 SET character_set_client = @saved_cs_client */;

--
-- Dumping data for table `product`
--

LOCK TABLES `product` WRITE;
/*!40000 ALTER TABLE `product` DISABLE KEYS */;
INSERT INTO `product` VALUES ('378038-005','https://static-breeze.nike.co.kr/kr/ko_kr/cmsstatic/product/378038-005/3090ae6b-9593-4edf-9ac0-5900204ad752_primary.jpg?browse','https://www.nike.com/kr/ko_kr/t/junior/fw/basketball/378038-005/pmla48/air-jordan-11-retro-gs','  11 ','219,000 '),('378039-005','https://static-breeze.nike.co.kr/kr/ko_kr/cmsstatic/product/378039-005/01c6bc13-cca3-4055-883d-37302f923a01_primary.jpg?browse','https://www.nike.com/kr/ko_kr/t/little-kids/fw/basketball/378039-005/ougf91/jordan-11-retro-ps','  11  3/4','109,000 '),('378040-005','https://static-breeze.nike.co.kr/kr/ko_kr/cmsstatic/product/378040-005/fca17170-5947-417b-a3ae-c6930241b699_primary.jpg?browse','https://www.nike.com/kr/ko_kr/t/baby/fw/basketball/378040-005/fqyk33/jordan-11-retro-td','  11  3/4','79,000 '),('553558-130','https://static-breeze.nike.co.kr/kr/ko_kr/cmsstatic/product/553558-130/7d6abf48-0498-4133-afbd-8a696bf5e466_primary.jpg?browse','https://www.nike.com/kr/ko_kr/t/men/fw/basketball/553558-130/yfxr81/air-jordan-1-low','  1 ','119,000 '),('553558-411','https://static-breeze.nike.co.kr/kr/ko_kr/cmsstatic/product/553558-411/c29ec02d-eaf9-4387-abc5-7b0f9bf2147d_primary.jpg?browse','https://www.nike.com/kr/ko_kr/t/men/fw/basketball/553558-411/toer94/air-jordan-1-low','  1 ','119,000 '),('553560-162','https://static-breeze.nike.co.kr/kr/ko_kr/cmsstatic/product/553560-162/1bb541b6-e610-4916-81ba-0ef2826af54d_primary.jpg?browse','https://www.nike.com/kr/ko_kr/t/junior/fw/basketball/553560-162/qqhk85/air-jordan-1-low-gs','  1 ','99,000 '),('553560-371','https://static-breeze.nike.co.kr/kr/ko_kr/cmsstatic/product/553560-371/6d689437-8b37-426e-95e2-df3c7a01bce3_primary.jpg?browse','https://www.nike.com/kr/ko_kr/t/junior/fw/basketball/553560-371/opek44/air-jordan-1-low-gs','  1 ','99,000 '),('555088-701','https://static-breeze.nike.co.kr/kr/ko_kr/cmsstatic/product/555088-701/5544b54a-a0ed-4e4f-a39b-90060a29f7dc_primary.jpg?browse','https://www.nike.com/kr/ko_kr/t/men/fw/basketball/555088-701/nyhm38/air-jordan-1-retro-high-og','  1   OG','199,000 '),('919712-023','https://static-breeze.nike.co.kr/kr/ko_kr/cmsstatic/product/919712-023/888ab619-a28b-4dc8-b40c-3311490ee7ec_primary.jpg?browse','https://www.nike.com/kr/ko_kr/t/men/fw/basketball/919712-023/efio67/air-jordan-11-retro-low-ie','  11   IE','209,000 '),('AO9944-111','https://static-breeze.nike.co.kr/kr/ko_kr/cmsstatic/product/AO9944-111/ebe8619e-f82b-4cea-a73a-aec14491c756_primary.jpg?browse','https://www.nike.com/kr/ko_kr/t/women/fw/basketball/AO9944-111/sghi64/wmns-air-jordan-1-low','  1 ','119,000 '),('AR0715-010','https://static-breeze.nike.co.kr/kr/ko_kr/cmsstatic/product/AR0715-010/715f2ff6-eeb2-4b79-97cc-9e553d414ac9_primary.jpg?browse','https://www.nike.com/kr/ko_kr/t/women/fw/basketball/AR0715-010/zmqq56/wmns-air-jordan-11-retro','  11 ','259,000 '),('AR6352-411','https://static-breeze.nike.co.kr/kr/ko_kr/cmsstatic/product/AR6352-411/a0de6873-a90f-447b-92b9-365acd28388e_primary.jpg?browse','https://www.nike.com/kr/ko_kr/t/baby/fw/basketball/AR6352-411/tlzr24/jordan-1-mid-alt-td',' 1  ALT','59,000 '),('BQ6066-411','https://static-breeze.nike.co.kr/kr/ko_kr/cmsstatic/product/BQ6066-411/a85de5a2-8a11-41e6-84b6-9863d429aa64_primary.jpg?browse','https://www.nike.com/kr/ko_kr/t/little-kids/fw/basketball/BQ6066-411/tnap22/jordan-1-low-alt-ps',' 1  ALT','69,000 '),('BQ6066-612','https://static-breeze.nike.co.kr/kr/ko_kr/cmsstatic/product/BQ6066-612/42734afd-fc37-4edb-b586-d6e58233bf01_primary.jpg?browse','https://www.nike.com/kr/ko_kr/t/little-kids/fw/basketball/BQ6066-612/grei75/jordan-1-low-alt-ps',' 1  ALT','69,000 '),('BQ6472-104','https://static-breeze.nike.co.kr/kr/ko_kr/cmsstatic/product/BQ6472-104/760db7b7-434a-4a19-8ffc-a27a11335dcf_primary.jpg?browse','https://www.nike.com/kr/ko_kr/t/women/fw/basketball/BQ6472-104/exke26/wmns-air-jordan-1-mid','  1 ','139,000 '),('BQ7196-001','https://static-breeze.nike.co.kr/kr/ko_kr/cmsstatic/product/BQ7196-001/e14fd0be-ca7c-43d8-afc9-d42cef1e557d_primary.jpg?browse','https://www.nike.com/kr/ko_kr/t/baby/fw/basketball/BQ7196-001/ltkm56/sky-jordan-1-td','  1','59,000 '),('CD0461-151','https://static-breeze.nike.co.kr/kr/ko_kr/cmsstatic/product/CD0461-151/d52ddc91-35bb-4f5f-bf73-b9b53fb7a62f_primary.jpg?browse','https://www.nike.com/kr/ko_kr/t/women/fw/basketball/CD0461-151/xqim16/wmns-air-jordan-1-high-og','  1  OG','199,000 '),('CI3436-612','https://static-breeze.nike.co.kr/kr/ko_kr/cmsstatic/product/CI3436-612/ae27071d-16cc-4f80-ad9c-edee30692b84_primary.jpg?browse','https://www.nike.com/kr/ko_kr/t/baby/fw/basketball/CI3436-612/ulmh85/jordan-1-low-alt-td',' 1  ALT','65,000 '),('CQ3835-011','https://static-breeze.nike.co.kr/kr/ko_kr/cmsstatic/product/CQ3835-011/cfe83ebf-e949-4803-8624-3646a2522495_primary.jpg?browse','https://www.nike.com/kr/ko_kr/t/men/fw/basketball/CQ3835-011/xpzr55/air-jordan-1-hi-flyease','  1  ','169,000 '),('CQ4228-030','https://static-breeze.nike.co.kr/kr/ko_kr/cmsstatic/product/CQ4228-030/ee1b68b9-14c4-437d-b3b0-5824403cd8d6_primary.jpg?browse','https://www.nike.com/kr/ko_kr/t/men/fw/basketball/CQ4228-030/twne46/air-jordan-xxxv-pf','  35 PF','148,900 '),('CQ4231-101','https://static-breeze.nike.co.kr/kr/ko_kr/cmsstatic/product/CQ4231-101/78a24e14-bb8f-4885-8951-5c8377b73483_primary.jpg?browse','https://www.nike.com/kr/ko_kr/t/men/fw/basketball/CQ4231-101/kkvf29/jordan-why-not-zer0-4-pf',' Why Not? Zer0.4 PF','103,400 '),('CQ4231-102','https://static-breeze.nike.co.kr/kr/ko_kr/cmsstatic/product/CQ4231-102/e4b8d119-8611-4d9d-b251-cd9095cf1e08_primary.jpg?browse','https://www.nike.com/kr/ko_kr/t/men/fw/basketball/CQ4231-102/moxy28/jordan-why-not-zer0-4-pf',' Why Not? Zer0.4 PF','111,300 '),('CQ9430-101','https://static-breeze.nike.co.kr/kr/ko_kr/cmsstatic/product/CQ9430-101/9efa656b-ee0d-438f-84e4-b870e1c5037b_primary.jpg?browse','https://www.nike.com/kr/ko_kr/t/junior/fw/basketball/CQ9430-101/irfv61/jordan-why-not-zer0-4-gs',' Why Not? Zer0.4','83,300 '),('CQ9430-400','https://static-breeze.nike.co.kr/kr/ko_kr/cmsstatic/product/CQ9430-400/ea82dc76-829c-4954-a0ee-b7ef955110fd_primary.jpg?browse','https://www.nike.com/kr/ko_kr/t/junior/fw/basketball/CQ9430-400/uodt12/jordan-why-not-zer0-4-gs',' Why Not? Zer0.4','77,400 '),('CQ9433-030','https://static-breeze.nike.co.kr/kr/ko_kr/cmsstatic/product/CQ9433-030/0987958b-e977-479a-bb7d-dca63dfc3904_primary.jpg?browse','https://www.nike.com/kr/ko_kr/t/junior/fw/basketball/CQ9433-030/dert92/air-jordan-xxxv-gs','  35','118,300 '),('CQ9433-101','https://static-breeze.nike.co.kr/kr/ko_kr/cmsstatic/product/CQ9433-101/a45bb795-0970-46bd-ae73-99ff09bce077_primary.jpg?browse','https://www.nike.com/kr/ko_kr/t/junior/fw/basketball/CQ9433-101/cqsr98/air-jordan-xxxv-gs','  35','101,400 '),('CT0979-004','https://static-breeze.nike.co.kr/kr/ko_kr/cmsstatic/product/CT0979-004/023cae96-8921-4206-8ca6-75871e05f09b_primary.jpg?browse','https://www.nike.com/kr/ko_kr/t/women/fw/basketball/CT0979-004/salr83/w-air-jordan-1-zoom-air-cmft','  1   ','169,000 '),('CT4417-130','https://static-breeze.nike.co.kr/kr/ko_kr/cmsstatic/product/CT4417-130/6c1de67a-c889-4556-bd8e-f672aca417bd_primary.jpg?browse','https://www.nike.com/kr/ko_kr/t/baby/fw/basketball/CT4417-130/rvju96/jordan-6-retro-little-flex-td',' 6   ','69,000 '),('CT5798-006','https://static-breeze.nike.co.kr/kr/ko_kr/cmsstatic/product/CT5798-006/9dafc0db-215d-4d50-a2e7-55e513f9bc49_primary.jpg?browse','https://www.nike.com/kr/ko_kr/t/little-kids/fw/basketball/CT5798-006/zfww13/jordan-drip-23-ps','  23','89,000 '),('CT5798-600','https://static-breeze.nike.co.kr/kr/ko_kr/cmsstatic/product/CT5798-600/20615af2-3d8a-43fd-8731-02950a6e8fc8_primary.jpg?browse','https://www.nike.com/kr/ko_kr/t/little-kids/fw/basketball/CT5798-600/ippb30/jordan-drip-23-ps','  23','89,000 '),('CT5799-006','https://static-breeze.nike.co.kr/kr/ko_kr/cmsstatic/product/CT5799-006/430b4060-4f49-4ea5-ad7a-326ab4bf9777_primary.jpg?browse','https://www.nike.com/kr/ko_kr/t/baby/fw/basketball/CT5799-006/dcte37/jordan-drip-23-td','  23','85,000 '),('CT5799-600','https://static-breeze.nike.co.kr/kr/ko_kr/cmsstatic/product/CT5799-600/c83cd9f3-9656-4e37-a110-ac5eadf86170_primary.jpg?browse','https://www.nike.com/kr/ko_kr/t/baby/fw/basketball/CT5799-600/zofv85/jordan-drip-23-td','  23','85,000 '),('CU9307-100','https://static-breeze.nike.co.kr/kr/ko_kr/cmsstatic/product/CU9307-100/4686270a-c645-4a76-b4c0-77965f05fb72_primary.jpg?browse','https://www.nike.com/kr/ko_kr/t/men/fw/basketball/CU9307-100/laow56/air-jordan-7-retro','  7 ','183,200 '),('CV8121-002','https://static-breeze.nike.co.kr/kr/ko_kr/cmsstatic/product/CV8121-002/35b37ce2-dc40-4708-bb0a-9235e0be0d0e_primary.jpg?browse','https://www.nike.com/kr/ko_kr/t/men/fw/basketball/CV8121-002/xcls46/jordan-delta-2','  2','103,400 '),('CV8121-004','https://static-breeze.nike.co.kr/kr/ko_kr/cmsstatic/product/CV8121-004/69737f78-6311-4aa8-8cd3-0be1aca0dddc_primary.jpg?browse','https://www.nike.com/kr/ko_kr/t/men/fw/basketball/CV8121-004/mpiw32/jordan-delta-2','  2','159,000 '),('CV8121-011','https://static-breeze.nike.co.kr/kr/ko_kr/cmsstatic/product/CV8121-011/cabfa50d-16cf-4c1b-843b-ae3a7c62d07b_primary.jpg?browse','https://www.nike.com/kr/ko_kr/t/men/fw/basketball/CV8121-011/vryu96/jordan-delta-2','  2','143,100 '),('CV8121-101','https://static-breeze.nike.co.kr/kr/ko_kr/cmsstatic/product/CV8121-101/8269baed-8e14-4cf2-91e6-7e21c355f671_primary.jpg?browse','https://www.nike.com/kr/ko_kr/t/men/fw/basketball/CV8121-101/szta46/jordan-delta-2','  2','111,300 '),('CV8121-102','https://static-breeze.nike.co.kr/kr/ko_kr/cmsstatic/product/CV8121-102/791a9da4-7e51-4430-aedf-74edaa86f3cb_primary.jpg?browse','https://www.nike.com/kr/ko_kr/t/men/fw/basketball/CV8121-102/sbcm52/jordan-delta-2','  2','159,000 '),('CV8121-400','https://static-breeze.nike.co.kr/kr/ko_kr/cmsstatic/product/CV8121-400/f14e4458-df55-4c3d-8328-ccde0eff1d31_primary.jpg?browse','https://www.nike.com/kr/ko_kr/t/men/fw/basketball/CV8121-400/itug14/jordan-delta-2','  2','111,300 '),('CV8129-001','https://static-breeze.nike.co.kr/kr/ko_kr/cmsstatic/product/CV8129-001/c5c2aaa3-4981-455a-bebb-6d3a79e5fe9b_primary.jpg?browse','https://www.nike.com/kr/ko_kr/t/men/fw/basketball/CV8129-001/mowk97/jordan-series-01','  .01 Dear Mike','79,200 '),('CW0913-002','https://static-breeze.nike.co.kr/kr/ko_kr/cmsstatic/product/CW0913-002/cf544962-ef77-4cde-ba57-f914a4e3233a_primary.jpg?browse','https://www.nike.com/kr/ko_kr/t/women/fw/basketball/CW0913-002/fnbh74/wmns-jordan-delta-2','  2','127,200 '),('CW0913-005','https://static-breeze.nike.co.kr/kr/ko_kr/cmsstatic/product/CW0913-005/7eef65e5-2e4d-4f31-815c-06789a3b1676_primary.jpg?browse','https://www.nike.com/kr/ko_kr/t/women/fw/basketball/CW0913-005/ltie34/wmns-jordan-delta-2','  2','159,000 '),('CW0913-061','https://static-breeze.nike.co.kr/kr/ko_kr/cmsstatic/product/CW0913-061/dff9597a-3743-4054-b4da-adcc9a1c6d62_primary.jpg?browse','https://www.nike.com/kr/ko_kr/t/women/fw/basketball/CW0913-061/aout83/wmns-jordan-delta-2','  2','143,100 '),('CW0913-600','https://static-breeze.nike.co.kr/kr/ko_kr/cmsstatic/product/CW0913-600/d230ae56-a336-4d7d-9cd7-9d3ae19fe8b3_primary.jpg?browse','https://www.nike.com/kr/ko_kr/t/women/fw/basketball/CW0913-600/xkcq37/wmns-jordan-delta-2','  2','127,200 '),('CW1588-601','https://static-breeze.nike.co.kr/kr/ko_kr/cmsstatic/product/CW1588-601/52f4cd55-fe17-4993-9889-2ad2e5846364_primary.jpg?browse','https://www.nike.com/kr/ko_kr/t/little-kids/fw/young-athletes/CW1588-601/vljz78/nike-dunk-low-ps','  ','79,000 '),('CW6594-009','https://static-breeze.nike.co.kr/kr/ko_kr/cmsstatic/product/CW6594-009/418d10b7-f47b-49fb-b2fc-737d336302fd_primary.jpg?browse','https://www.nike.com/kr/ko_kr/t/junior/fw/basketball/CW6594-009/uqyr49/jordan-ma2-gs',' MA2','119,000 '),('CW7242-001','https://static-breeze.nike.co.kr/kr/ko_kr/cmsstatic/product/CW7242-001/201077a7-1762-441e-b04f-8afd22a66f4a_primary.jpg?browse','https://www.nike.com/kr/ko_kr/t/men/fw/golf/CW7242-001/uzqk62/jordan-adg-3',' ADG 3','179,000 '),('CW7242-003','https://static-breeze.nike.co.kr/kr/ko_kr/cmsstatic/product/CW7242-003/68c3a1ef-7143-4e38-986f-3b33a12f9926_primary.jpg?browse','https://www.nike.com/kr/ko_kr/t/men/fw/golf/CW7242-003/dend40/jordan-adg-3',' ADG 3','179,000 '),('CW7242-100','https://static-breeze.nike.co.kr/kr/ko_kr/cmsstatic/product/CW7242-100/0c414c6b-42be-4310-8825-c2147d8eed04_primary.jpg?browse','https://www.nike.com/kr/ko_kr/t/men/fw/golf/CW7242-100/uemh61/jordan-adg-3',' ADG 3','179,000 '),('CZ5657-100','https://static-breeze.nike.co.kr/kr/ko_kr/cmsstatic/product/CZ5657-100/50bf7f1e-7333-45e7-8a3b-7f876e9be084_primary.jpg?browse','https://www.nike.com/kr/ko_kr/t/men/fw/basketball/CZ5657-100/jcob95/air-jordan-xxxv-sh','  35 Sisterhood','229,000 '),('CZ8027-001','https://static-breeze.nike.co.kr/kr/ko_kr/cmsstatic/product/CZ8027-001/a7c0bd49-c11d-4f9b-b1de-f370b4ea0f13_primary.jpg?browse','https://www.nike.com/kr/ko_kr/t/women/fw/basketball/CZ8027-001/bogq15/wmns-jordan-nola-slide',' NOLA','49,000 '),('CZ8027-100','https://static-breeze.nike.co.kr/kr/ko_kr/cmsstatic/product/CZ8027-100/72d247f3-87e7-4c01-9f87-88f01ffd4dfd_primary.jpg?browse','https://www.nike.com/kr/ko_kr/t/women/fw/basketball/CZ8027-100/zyti78/wmns-jordan-nola-slide',' NOLA','31,900 '),('CZ8027-201','https://static-breeze.nike.co.kr/kr/ko_kr/cmsstatic/product/CZ8027-201/acfe4f5d-0027-495c-a282-007d6ae7380e_primary.jpg?browse','https://www.nike.com/kr/ko_kr/t/women/fw/basketball/CZ8027-201/pqie68/wmns-jordan-nola-slide',' NOLA','39,200 '),('CZ8027-600','https://static-breeze.nike.co.kr/kr/ko_kr/cmsstatic/product/CZ8027-600/17d93011-8407-4ab3-a65a-bd51d1bba1ca_primary.jpg?browse','https://www.nike.com/kr/ko_kr/t/women/fw/basketball/CZ8027-600/lvhz31/wmns-jordan-nola-slide',' NOLA','34,300 '),('CZ8027-601','https://static-breeze.nike.co.kr/kr/ko_kr/cmsstatic/product/CZ8027-601/09a6edff-25c5-4275-b5c0-72238894ab49_primary.jpg?browse','https://www.nike.com/kr/ko_kr/t/women/fw/basketball/CZ8027-601/loqj27/wmns-jordan-nola-slide',' NOLA','39,200 '),('DA3129-006','https://static-breeze.nike.co.kr/kr/ko_kr/cmsstatic/product/DA3129-006/31cfccc2-886a-4ee9-a830-d275b83fc675_primary.jpg?browse','https://www.nike.com/kr/ko_kr/t/men/fw/basketball/DA3129-006/ucrx80/jordan-zion-1-pf','  1 PF','111,200 '),('DA3129-008','https://static-breeze.nike.co.kr/kr/ko_kr/cmsstatic/product/DA3129-008/c5286aa9-19fe-4822-bdd9-63eef558f69b_primary.jpg?browse','https://www.nike.com/kr/ko_kr/t/men/fw/basketball/DA3129-008/lgag77/jordan-zion-1-pf','  1 PF','111,200 '),('DA3129-300','https://static-breeze.nike.co.kr/kr/ko_kr/cmsstatic/product/DA3129-300/1249540c-9523-4ed3-a7fd-56d6e886fddb_primary.jpg?browse','https://www.nike.com/kr/ko_kr/t/men/fw/basketball/DA3129-300/cjzi72/jordan-zion-1-pf','  1 PF','125,100 '),('DA3129-400','https://static-breeze.nike.co.kr/kr/ko_kr/cmsstatic/product/DA3129-400/2e5bc03a-619f-4633-a3cc-cff7ebb3cb83_primary.jpg?browse','https://www.nike.com/kr/ko_kr/t/men/fw/basketball/DA3129-400/wxfh46/jordan-zion-1-pf','  1 PF','97,300 '),('DA3129-401','https://static-breeze.nike.co.kr/kr/ko_kr/cmsstatic/product/DA3129-401/1e434bd9-c9f9-45d3-b435-be687968725e_primary.jpg?browse','https://www.nike.com/kr/ko_kr/t/men/fw/basketball/DA3129-401/lbyb11/jordan-zion-1-pf','  1 PF','111,200 '),('DA3131-006','https://static-breeze.nike.co.kr/kr/ko_kr/cmsstatic/product/DA3131-006/d8fb49e1-8ab5-44f9-b8d8-3dbd93c8228f_primary.jpg?browse','https://www.nike.com/kr/ko_kr/t/junior/fw/basketball/DA3131-006/klsh13/jordan-zion-1-gs','  1','109,000 '),('DA3131-300','https://static-breeze.nike.co.kr/kr/ko_kr/cmsstatic/product/DA3131-300/f7e3209d-fb56-4722-88f6-765351c9fa10_primary.jpg?browse','https://www.nike.com/kr/ko_kr/t/junior/fw/basketball/DA3131-300/egzc14/jordan-zion-1-gs','  1','109,000 '),('DA3131-401','https://static-breeze.nike.co.kr/kr/ko_kr/cmsstatic/product/DA3131-401/c7bc8d25-a620-48f1-a39c-df6417b0a505_primary.jpg?browse','https://www.nike.com/kr/ko_kr/t/junior/fw/basketball/DA3131-401/htuc93/jordan-zion-1-gs','  1','92,700 '),('DA9053-004','https://static-breeze.nike.co.kr/kr/ko_kr/cmsstatic/product/DA9053-004/27254146-e04a-4c10-ba2e-bd7f72f8e201_primary.jpg?browse','https://www.nike.com/kr/ko_kr/t/men/fw/basketball/DA9053-004/rrlz96/air-jordan-xxxvi-pf','  36 First Light PF','197,100 '),('DA9053-100','https://static-breeze.nike.co.kr/kr/ko_kr/cmsstatic/product/DA9053-100/d84ef8a1-dbd9-4726-9333-b75fb461b29e_primary.jpg?browse','https://www.nike.com/kr/ko_kr/t/men/fw/basketball/DA9053-100/dlwx50/air-jordan-xxxvi-pf','  36 Psychic Energy PF','219,000 '),('DA9054-004','https://static-breeze.nike.co.kr/kr/ko_kr/cmsstatic/product/DA9054-004/889494ec-508e-4091-86ab-90b336c6192a_primary.jpg?browse','https://www.nike.com/kr/ko_kr/t/junior/fw/basketball/DA9054-004/pdzy25/air-jordan-xxxvi-gs','  36','152,100 '),('DA9054-100','https://static-breeze.nike.co.kr/kr/ko_kr/cmsstatic/product/DA9054-100/cb6aaf11-53b0-46ae-884b-49e835a650ff_primary.jpg?browse','https://www.nike.com/kr/ko_kr/t/junior/fw/basketball/DA9054-100/axfu96/air-jordan-xxxvi-gs','  36','169,000 '),('DB0500-001','https://static-breeze.nike.co.kr/kr/ko_kr/cmsstatic/product/DB0500-001/182bfe74-1633-4cb9-99f9-c0e954febc2e_primary.jpg?browse','https://www.nike.com/kr/ko_kr/t/men/fw/nike-sportswear/DB0500-001/hfjk82/nike-dunk-scrap','  ','129,000 '),('DB2889-001','https://static-breeze.nike.co.kr/kr/ko_kr/cmsstatic/product/DB2889-001/1ad27b17-2d71-4b76-a437-917918ba6951_primary.jpg?browse','https://www.nike.com/kr/ko_kr/t/men/fw/basketball/DB2889-001/nrzg83/air-jordan-1-element','  1 ','239,000 '),('DC7294-103','https://static-breeze.nike.co.kr/kr/ko_kr/cmsstatic/product/DC7294-103/6148da92-30e7-4791-bdeb-f93bec4f61b7_primary.jpg?browse','https://www.nike.com/kr/ko_kr/t/men/fw/basketball/DC7294-103/mpqf44/air-jordan-1-mid-se','  1  SE','159,000 '),('DC7723-200','https://static-breeze.nike.co.kr/kr/ko_kr/cmsstatic/product/DC7723-200/6b92e25a-5f97-4111-bc02-4afd954d1efd_primary.jpg?browse','https://www.nike.com/kr/ko_kr/t/women/fw/basketball/DC7723-200/nobi28/wmns-air-jordan-1-acclimate','  1 ACCLIMATE','179,000 '),('DC7986-006','https://static-breeze.nike.co.kr/kr/ko_kr/cmsstatic/product/DC7986-006/083dfdf4-0702-4339-b7cb-c7ea0fc17831_primary.jpg?browse','https://www.nike.com/kr/ko_kr/t/junior/fw/basketball/DC7986-006/gnir76/air-jordan-1-hi-flyease-gs','  1  ','119,000 '),('DD1134-103','https://static-breeze.nike.co.kr/kr/ko_kr/cmsstatic/product/DD1134-103/5bd0bb5a-5a16-4b8f-9fec-5842a1ac0eae_primary.jpg?browse','https://www.nike.com/kr/ko_kr/t/men/fw/basketball/DD1134-103/ozxs90/jordan-why-not-zer04-wty-pf',' Why Not? Zer0.4 PF','103,400 '),('DD1503-109','https://static-breeze.nike.co.kr/kr/ko_kr/cmsstatic/product/DD1503-109/96429bdf-924e-49fa-8937-f6e6201f20b2_primary.jpg?browse','https://www.nike.com/kr/ko_kr/t/women/fw/nike-sportswear/DD1503-109/mduy29/w-nike-dunk-low','  ','129,000 '),('DD1503-110','https://static-breeze.nike.co.kr/kr/ko_kr/cmsstatic/product/DD1503-110/d2bbd3f0-68ed-43ed-a09f-890eabfe535f_primary.jpg?browse','https://www.nike.com/kr/ko_kr/t/women/fw/nike-sportswear/DD1503-110/zted44/w-nike-dunk-low','  ','119,000 '),('DD1503-111','https://static-breeze.nike.co.kr/kr/ko_kr/cmsstatic/product/DD1503-111/a5ea92ea-bd88-4ed4-97df-1c7fc397c6b2_primary.jpg?browse','https://www.nike.com/kr/ko_kr/t/women/fw/nike-sportswear/DD1503-111/tijr28/w-nike-dunk-low','  ','119,000 '),('DD1869-002','https://static-breeze.nike.co.kr/kr/ko_kr/cmsstatic/product/DD1869-002/525e2062-6630-444d-9f36-49bd43ee39d5_primary.jpg?browse','https://www.nike.com/kr/ko_kr/t/women/fw/nike-sportswear/DD1869-002/yqew38/w-nike-dunk-high','  ','129,000 '),('DD1869-108','https://static-breeze.nike.co.kr/kr/ko_kr/cmsstatic/product/DD1869-108/0a28cd83-5fce-4cd5-81c6-3e43fbe15aa5_primary.jpg?browse','https://www.nike.com/kr/ko_kr/t/women/fw/nike-sportswear/DD1869-108/rqkq49/w-nike-dunk-high','  ','129,000 '),('DD1873-100','https://static-breeze.nike.co.kr/kr/ko_kr/cmsstatic/product/DD1873-100/5e952cb6-bd42-4ebb-95cc-0d8305d08e9e_primary.jpg?browse','https://www.nike.com/kr/ko_kr/t/women/fw/nike-sportswear/DD1873-100/ddtu38/w-nike-dunk-low-next-nature','    ','119,000 '),('DD3359-001','https://static-breeze.nike.co.kr/kr/ko_kr/cmsstatic/product/DD3359-001/867e9de9-137e-411f-a2b3-0d579dfd46f0_primary.jpg?browse','https://www.nike.com/kr/ko_kr/t/men/fw/nike-sportswear/DD3359-001/sfaq52/nike-dunk-hi-retro-se','    SE','139,000 '),('DD4886-100','https://static-breeze.nike.co.kr/kr/ko_kr/cmsstatic/product/DD4886-100/deebf6df-3cc7-46a1-9ffd-99cfaf933bd9_primary.jpg?browse','https://www.nike.com/kr/ko_kr/t/men/fw/basketball/DD4886-100/zaiu21/jordan-why-not-zer0-4-pf',' Why Not? Zer0.4 PF','103,400 '),('DD4886-400','https://static-breeze.nike.co.kr/kr/ko_kr/cmsstatic/product/DD4886-400/0bd7a100-8963-49fe-ac51-44af3128cf8f_primary.jpg?browse','https://www.nike.com/kr/ko_kr/t/men/fw/basketball/DD4886-400/pxtq84/jordan-why-not-zer0-4-pf',' Why Not? Zer0.4 PF','111,300 '),('DD4886-600','https://static-breeze.nike.co.kr/kr/ko_kr/cmsstatic/product/DD4886-600/5508a813-86c9-43f5-9f1c-9615ca3a9189_primary.jpg?browse','https://www.nike.com/kr/ko_kr/t/men/fw/basketball/DD4886-600/sotm21/jordan-why-not-zer0-4-pf',' Why Not? Zer0.4 PF','159,000 '),('DD7099-001','https://static-breeze.nike.co.kr/kr/ko_kr/cmsstatic/product/DD7099-001/d5dc90bc-04ca-4b22-9b35-cd28108add34_primary.jpg?browse','https://www.nike.com/kr/ko_kr/t/women/fw/nike-sportswear/DD7099-001/rznk77/w-nike-dunk-low-se','   SE','129,000 '),('DD7099-100','https://static-breeze.nike.co.kr/kr/ko_kr/cmsstatic/product/DD7099-100/92463b6c-8de9-4ba3-91f6-6b372a12d45c_primary.jpg?browse','https://www.nike.com/kr/ko_kr/t/women/fw/nike-sportswear/DD7099-100/bwbd29/w-nike-dunk-low-se','   SE','129,000 '),('DD7099-200','https://static-breeze.nike.co.kr/kr/ko_kr/cmsstatic/product/DD7099-200/8329a28f-809c-4364-8523-d268e014db0e_primary.jpg?browse','https://www.nike.com/kr/ko_kr/t/women/fw/nike-sportswear/DD7099-200/spas57/w-nike-dunk-low-se','   SE','129,000 '),('DD9336-400','https://static-breeze.nike.co.kr/kr/ko_kr/cmsstatic/product/DD9336-400/e4de7ce0-1fae-4342-abdd-a2bcc1a32300_primary.jpg?browse','https://www.nike.com/kr/ko_kr/t/women/fw/basketball/DD9336-400/wogr92/wmns-air-jordan-5-retro','  5 ','229,000 '),('DD9337-106','https://static-breeze.nike.co.kr/kr/ko_kr/cmsstatic/product/DD9337-106/52ebe518-af2e-4b37-85bd-084dabbb5c1b_primary.jpg?browse','https://www.nike.com/kr/ko_kr/t/women/fw/basketball/DD9337-106/oeuv83/wmns-air-jordan-1-low-se-utl','  1  SE ','129,000 '),('DD9404-600','https://static-breeze.nike.co.kr/kr/ko_kr/cmsstatic/product/DD9404-600/92ba50e5-390e-443a-a3ac-6a4e6b43a6bc_primary.jpg?browse','https://www.nike.com/kr/ko_kr/t/men/fw/nike-sportswear/DD9404-600/dfve30/nike-dunk-hi-1985-sp','   1985 SP','159,000 '),('DD9404-700','https://static-breeze.nike.co.kr/kr/ko_kr/cmsstatic/product/DD9404-700/ed2e8d47-f201-4860-b05b-ca13fd293bd9_primary.jpg?browse','https://www.nike.com/kr/ko_kr/t/men/fw/nike-sportswear/DD9404-700/vkre91/nike-dunk-hi-1985-sp','   1985 SP','159,000 '),('DD9659-400','https://static-breeze.nike.co.kr/kr/ko_kr/cmsstatic/product/DD9659-400/9a6f85cc-0470-4f44-bd8b-41a752f9f03f_primary.jpg?browse','https://www.nike.com/kr/ko_kr/t/junior/fw/basketball/DD9659-400/gqcq92/jordan-why-not-zer0-4-gs',' Why Not? Zer0.4','101,200 '),('DH0248-002','https://static-breeze.nike.co.kr/kr/ko_kr/cmsstatic/product/DH0248-002/b55f2620-7bd8-43ce-88fe-7ad5c6f87da5_primary.jpg?browse','https://www.nike.com/kr/ko_kr/t/men/fw/basketball/DH0248-002/afnv62/jordan-zoom-separate-pf','   PF','129,000 '),('DH0248-030','https://static-breeze.nike.co.kr/kr/ko_kr/cmsstatic/product/DH0248-030/492da936-efa3-4dda-8397-3fa1b994ded8_primary.jpg?browse','https://www.nike.com/kr/ko_kr/t/men/fw/basketball/DH0248-030/zuyt90/jordan-zoom-separate-pf','   PF','129,000 '),('DH0960-001','https://static-breeze.nike.co.kr/kr/ko_kr/cmsstatic/product/DH0960-001/74b78367-b9b5-451d-adeb-710f6f27c84d_primary.jpg?browse','https://www.nike.com/kr/ko_kr/t/men/fw/nike-sportswear/DH0960-001/znlm59/nike-dunk-hi-se','   SE','139,000 '),('DH3097-001','https://static-breeze.nike.co.kr/kr/ko_kr/cmsstatic/product/DH3097-001/a99e67ee-bf76-4b0b-8b6e-9a6a4ca7186b_primary.jpg?browse','https://www.nike.com/kr/ko_kr/t/men/fw/basketball/DH3097-001/uncb15/air-jordan-1-retro-high-og','  1   OG','199,000 '),('DH3718-001','https://static-breeze.nike.co.kr/kr/ko_kr/cmsstatic/product/DH3718-001/5bdb04e4-4a0e-449a-b420-551025b2116b_primary.jpg?browse','https://www.nike.com/kr/ko_kr/t/women/fw/nike-sportswear/DH3718-001/kddd20/wmns-nike-dunk-high-up','   ','139,000 '),('DH3718-100','https://static-breeze.nike.co.kr/kr/ko_kr/cmsstatic/product/DH3718-100/d6826cef-8766-4f35-bd42-31ead4e2be21_primary.jpg?browse','https://www.nike.com/kr/ko_kr/t/women/fw/nike-sportswear/DH3718-100/afco63/wmns-nike-dunk-high-up','   ','139,000 '),('DH3718-102','https://static-breeze.nike.co.kr/kr/ko_kr/cmsstatic/product/DH3718-102/3e1f060f-fe0f-455f-a8f6-ffeee4f0092f_primary.jpg?browse','https://www.nike.com/kr/ko_kr/t/women/fw/nike-sportswear/DH3718-102/dsof20/wmns-nike-dunk-high-up','   ','139,000 '),('DH3718-105','https://static-breeze.nike.co.kr/kr/ko_kr/cmsstatic/product/DH3718-105/f273b60e-72e8-48bc-9d23-9e7db293cb6d_primary.jpg?browse','https://www.nike.com/kr/ko_kr/t/women/fw/nike-sportswear/DH3718-105/zuxt97/wmns-nike-dunk-high-up','   ','159,000 '),('DH3718-700','https://static-breeze.nike.co.kr/kr/ko_kr/cmsstatic/product/DH3718-700/9a9ba3c8-1d3c-45bc-8c55-1c51e8c5bd8a_primary.jpg?browse','https://www.nike.com/kr/ko_kr/t/women/fw/nike-sportswear/DH3718-700/wmvi76/wmns-nike-dunk-high-up','   ','139,000 '),('DH3718-701','https://static-breeze.nike.co.kr/kr/ko_kr/cmsstatic/product/DH3718-701/c89f5a15-2c0d-4e5e-b8ab-f4bfd2b3e853_primary.jpg?browse','https://www.nike.com/kr/ko_kr/t/women/fw/nike-sportswear/DH3718-701/wwpa90/wmns-nike-dunk-high-up','   ','139,000 '),('DH4121-006','https://static-breeze.nike.co.kr/kr/ko_kr/cmsstatic/product/DH4121-006/b807af9c-0c4d-4987-b9b1-be9fafaebe55_primary.jpg?browse','https://www.nike.com/kr/ko_kr/t/women/fw/basketball/DH4121-006/sasy96/wmns-air-jordan-14-retro-low','  14  ','209,000 '),('DH9751-001','https://static-breeze.nike.co.kr/kr/ko_kr/cmsstatic/product/DH9751-001/6d2bdd9c-3d61-46df-9146-99f8a403cfaa_primary.jpg?browse','https://www.nike.com/kr/ko_kr/t/junior/fw/young-athletes/DH9751-001/mwvd94/nike-dunk-hi-gs','  ','129,000 '),('DJ0420-700','https://static-breeze.nike.co.kr/kr/ko_kr/cmsstatic/product/DJ0420-700/9c342416-ea6f-498a-a2a5-2903fbed1c1f_primary.jpg?browse','https://www.nike.com/kr/ko_kr/t/men/fw/basketball/DJ0420-700/czgy54/jordan-series-03','  .03 Dear 90\'s','99,000 '),('DJ1034-200','https://static-breeze.nike.co.kr/kr/ko_kr/cmsstatic/product/DJ1034-200/a04e9d97-3505-4756-96e7-710be17eaace_primary.jpg?browse','https://www.nike.com/kr/ko_kr/t/women/fw/basketball/DJ1034-200/lejs57/wmns-air-jordan-14-rtr-low-sp','  14   x Aleali May','229,000 '),('DJ2756-101','https://static-breeze.nike.co.kr/kr/ko_kr/cmsstatic/product/DJ2756-101/63e24236-11e3-482a-b177-2468d624c47f_primary.jpg?browse','https://www.nike.com/kr/ko_kr/t/men/fw/basketball/DJ2756-101/izoi17/air-jordan-1-centre-court','  1  ','159,000 '),('DJ4483-400','https://static-breeze.nike.co.kr/kr/ko_kr/cmsstatic/product/DJ4483-400/b6d462ab-a929-49d7-81fa-36d379676eb6_primary.jpg?browse','https://www.nike.com/kr/ko_kr/t/men/fw/basketball/DJ4483-400/lxvw10/air-jordan-xxxvi-se-l','  36 SE  Global Game','219,000 '),('DJ5982-015','https://static-breeze.nike.co.kr/kr/ko_kr/cmsstatic/product/DJ5982-015/d5ac2ecb-d08b-4f23-8ae8-153540d90fba_primary.jpg?browse','https://www.nike.com/kr/ko_kr/t/men/fw/basketball/DJ5982-015/trna34/air-jordan-13-retro','  13 ','229,000 '),('DJ9843-106','https://static-breeze.nike.co.kr/kr/ko_kr/cmsstatic/product/DJ9843-106/bd5c69fd-4693-4395-9e8e-12f5f680df7b_primary.jpg?browse','https://www.nike.com/kr/ko_kr/t/men/fw/basketball/DJ9843-106/atod22/jordan-delta-2-se','  2 SE','169,000 '),('DM2952-300','https://static-breeze.nike.co.kr/kr/ko_kr/cmsstatic/product/DM2952-300/d6cb585d-bee5-4f4f-b9b7-38cee0f28e19_primary.jpg?browse','https://www.nike.com/kr/ko_kr/t/men/fw/basketball/DM2952-300/qrfv74/jordan-break-slide-bbs',' Bayou Boys','49,000 '),('DM3263-900','https://static-breeze.nike.co.kr/kr/ko_kr/cmsstatic/product/DM3263-900/78ce2329-a963-4375-92f1-550ca344d8f6_primary.jpg?browse','https://www.nike.com/kr/ko_kr/t/men/fw/basketball/DM3263-900/dtma93/jordan-air-nfh-bbs','  NFH Bayou Boys','129,000 '),('DM4334-001','https://static-breeze.nike.co.kr/kr/ko_kr/cmsstatic/product/DM4334-001/669cd569-97e1-434d-a81a-3388d5b815f0_primary.jpg?browse','https://www.nike.com/kr/ko_kr/t/junior/fw/basketball/DM4334-001/tcjx85/air-jordan-1-mid-se-gs','  1  SE','119,000 '),('DM7580-100','https://static-breeze.nike.co.kr/kr/ko_kr/cmsstatic/product/DM7580-100/5423e1b5-f2a0-4fd1-b99d-9ec67e039f17_primary.jpg?browse','https://www.nike.com/kr/ko_kr/t/men/fw/basketball/DM7580-100/tpwh39/air-jordan-xxxvi-se-m-pf','  36 SE PF','219,000 '),('DM7803-100','https://static-breeze.nike.co.kr/kr/ko_kr/cmsstatic/product/DM7803-100/2c3d1760-4d4e-4ef8-9640-f60fe8d21d70_primary.jpg?browse','https://www.nike.com/kr/ko_kr/t/little-kids/fw/basketball/DM7803-100/wuea61/jordan-1-mid-se-ps',' 1  SE','85,000 '),('DM7804-100','https://static-breeze.nike.co.kr/kr/ko_kr/cmsstatic/product/DM7804-100/65b7d9b6-03b4-441d-b142-71971f677a54_primary.jpg?browse','https://www.nike.com/kr/ko_kr/t/baby/fw/basketball/DM7804-100/jaaq17/jordan-1-mid-se-td',' 1  SE','65,000 '),('DN2857-330','https://static-breeze.nike.co.kr/kr/ko_kr/cmsstatic/product/DN2857-330/8a1ca700-df5f-4c40-86da-f6f754b777a9_primary.jpg?browse','https://www.nike.com/kr/ko_kr/t/women/fw/basketball/DN2857-330/hitg31/wmns-ajko-1-sp','  1 KO x Billie Eilish','189,000 '),('DN2863-200','https://static-breeze.nike.co.kr/kr/ko_kr/cmsstatic/product/DN2863-200/fb86b3d9-dbc9-4611-b13b-5c735ad332ed_primary.jpg?browse','https://www.nike.com/kr/ko_kr/t/women/fw/basketball/DN2863-200/aatg67/wmns-air-jordan-15-retro-sp','  15  SP x Billie Eilish','249,000 '),('DN4238-701','https://static-breeze.nike.co.kr/kr/ko_kr/cmsstatic/product/DN4238-701/139e77c4-9807-426d-982f-040658db87e5_primary.jpg?browse','https://www.nike.com/kr/ko_kr/t/men/fw/basketball/DN4238-701/ybxb75/jordan-hydro-iv-retro','  4 ','69,000 '),('DN4904-001','https://static-breeze.nike.co.kr/kr/ko_kr/cmsstatic/product/DN4904-001/6a8743ff-5280-4672-bd60-a197e66ccc58_primary.jpg?browse','https://www.nike.com/kr/ko_kr/t/men/fw/basketball/DN4904-001/ydwk92/air-jordan-1-mid-se','  1  SE','179,000 '),('DN5120-001','https://static-breeze.nike.co.kr/kr/ko_kr/cmsstatic/product/DN5120-001/f06f67be-956a-4047-bc32-9c682ca5e11e_primary.jpg?browse','https://www.nike.com/kr/ko_kr/t/baby/fw/basketball/DN5120-001/wlyl78/jordan-1-mid-se-td',' 1  SE','69,000 '),('DN5121-001','https://static-breeze.nike.co.kr/kr/ko_kr/cmsstatic/product/DN5121-001/a5f4b967-0987-46ac-879c-ea6fb255412f_primary.jpg?browse','https://www.nike.com/kr/ko_kr/t/junior/fw/basketball/DN5121-001/hiea48/air-jordan-1-mid-se-gs','  1  SE','139,000 '),('DN5122-001','https://static-breeze.nike.co.kr/kr/ko_kr/cmsstatic/product/DN5122-001/cd0ac2ca-249c-4619-a69c-cab7a9a86e3d_primary.jpg?browse','https://www.nike.com/kr/ko_kr/t/little-kids/fw/basketball/DN5122-001/qewo63/jordan-1-mid-se-ps',' 1  SE','89,000 '),('DN9909-100','https://static-breeze.nike.co.kr/kr/ko_kr/cmsstatic/product/DN9909-100/35f4ef1c-e621-4bd4-9fdf-fe7bcbd6a990_primary.jpg?browse','https://www.nike.com/kr/ko_kr/t/women/fw/nike-sportswear/DN9909-100/gmxh41/w-dunk-high-lx-next-nature','   LX  ','159,000 '),('DN9909-200','https://static-breeze.nike.co.kr/kr/ko_kr/cmsstatic/product/DN9909-200/12731a12-2576-484d-b12f-4d884523b7d2_primary.jpg?browse','https://www.nike.com/kr/ko_kr/t/women/fw/nike-sportswear/DN9909-200/yegg85/w-dunk-high-lx-next-nature','   LX  ','159,000 '),('DO1830-200','https://static-breeze.nike.co.kr/kr/ko_kr/cmsstatic/product/DO1830-200/2480c1d2-0d5f-45f3-9e83-686fa99609a7_primary.jpg?browse','https://www.nike.com/kr/ko_kr/t/men/fw/basketball/DO1830-200/fhhq37/air-jordan-3-retro-se','  3  SE','259,000 '),('DO1872-001','https://static-breeze.nike.co.kr/kr/ko_kr/cmsstatic/product/DO1872-001/d673f38e-444d-491f-90e1-2eeee0c79a38_primary.jpg?browse','https://www.nike.com/kr/ko_kr/t/men/fw/basketball/DO1872-001/gcsx65/jordan-ls-slide-sp',' LS SP','109,000 '),('DO8967-002','https://static-breeze.nike.co.kr/kr/ko_kr/cmsstatic/product/DO8967-002/0f7f74c0-7f77-476e-b88b-40e3c1f0db82_primary.jpg?browse','https://www.nike.com/kr/ko_kr/t/junior/fw/basketball/DO8967-002/uesf10/jordan-why-not-5-gs',' Why Not? Zer0.5','119,000 '),('DO9406-200','https://static-breeze.nike.co.kr/kr/ko_kr/cmsstatic/product/DO9406-200/ac2a956e-db49-4f80-9ec8-c2d98316a462_primary.jpg?browse','https://www.nike.com/kr/ko_kr/t/men/fw/basketball/DO9406-200/cggx39/air-jordan-14-retro-se','  14  SE','249,000 ');
/*!40000 ALTER TABLE `product` ENABLE KEYS */;
UNLOCK TABLES;
/*!40103 SET TIME_ZONE=@OLD_TIME_ZONE */;

/*!40101 SET SQL_MODE=@OLD_SQL_MODE */;
/*!40014 SET FOREIGN_KEY_CHECKS=@OLD_FOREIGN_KEY_CHECKS */;
/*!40014 SET UNIQUE_CHECKS=@OLD_UNIQUE_CHECKS */;
/*!40101 SET CHARACTER_SET_CLIENT=@OLD_CHARACTER_SET_CLIENT */;
/*!40101 SET CHARACTER_SET_RESULTS=@OLD_CHARACTER_SET_RESULTS */;
/*!40101 SET COLLATION_CONNECTION=@OLD_COLLATION_CONNECTION */;
/*!40111 SET SQL_NOTES=@OLD_SQL_NOTES */;

-- Dump completed on 2022-01-13  0:38:07
